recipeId,title,sourceCategory,categoryStatus,categoryId,ingredientCount,ingredientShape,matchedIngredientCount,unmatchedIngredientCount,stepCount,completeV2StepCount,sourceLinked,conversionStatus,blockers
1b1c83cc-52a1-42cc-bfb4-384cd570634e,크랜베리 소보로 떡,후식,mapped,dessert,5,legacy_strings,0,5,6,0,false,needs_structural_normalization,missing_or_invalid_difficulty|missing_servings|missing_total_time|source_ledger_missing|beginner_review_missing|legacy_ingredient_strings_need_editor_parse|step_v2_fields_missing
3b4e6d31-84bb-4aa8-944f-8e8770b1bcf1,양배추감자전,반찬,mapped,side,16,legacy_strings,0,16,3,0,false,needs_structural_normalization,missing_or_invalid_difficulty|missing_servings|missing_total_time|source_ledger_missing|beginner_review_missing|legacy_ingredient_strings_need_editor_parse|step_v2_fields_missing
ec4994ce-db50-4406-8f83-eb296142627f,블랙빈 곤약국수,일품,mapped,other,11,legacy_strings,0,11,3,0,false,needs_structural_normalization,missing_or_invalid_difficulty|missing_servings|missing_total_time|source_ledger_missing|beginner_review_missing|legacy_ingredient_strings_need_editor_parse|step_v2_fields_missing
607e57ac-4d53-4138-83c4-6d035dae10cc,닭가슴살 브로콜리 만두,일품,mapped,other,12,legacy_strings,0,12,3,0,false,needs_structural_normalization,missing_or_invalid_difficulty|missing_servings|missing_total_time|source_ledger_missing|beginner_review_missing|legacy_ingredient_strings_need_editor_parse|step_v2_fields_missing
fdc992bc-789b-40f9-924f-98ad04df0d68,함초 냉이 국수,일품,mapped,other,17,legacy_strings,0,17,3,0,false,needs_structural_normalization,missing_or_invalid_difficulty|missing_servings|missing_total_time|source_ledger_missing|beginner_review_missing|legacy_ingredient_strings_need_editor_parse|step_v2_fields_missing
d1d9b5a6-a9c6-4f23-9871-879aa69435f2,된장 두부찌개,국&찌개,unresolved,,11,legacy_strings,0,11,3,0,false,needs_structural_normalization,category_unresolved|missing_or_invalid_difficulty|missing_servings|missing_total_time|source_ledger_missing|beginner_review_missing|legacy_ingredient_strings_need_editor_parse|step_v2_fields_missing
73790154-a6c1-4d16-b62a-1a15b4664edf,돌나물 샐러드,반찬,mapped,side,8,legacy_strings,0,8,3,0,false,needs_structural_normalization,missing_or_invalid_difficulty|missing_servings|missing_total_time|source_ledger_missing|beginner_review_missing|legacy_ingredient_strings_need_editor_parse|step_v2_fields_missing
c56d881f-0e4c-4e64-b02f-47789b9f14e8,매생이순두부탕,국&찌개,unresolved,,9,legacy_strings,0,9,3,0,false,needs_structural_normalization,category_unresolved|missing_or_invalid_difficulty|missing_servings|missing_total_time|source_ledger_missing|beginner_review_missing|legacy_ingredient_strings_need_editor_parse|step_v2_fields_missing
d7f351a4-5827-40be-82e5-818bb8ee6c89,석류 보쌈김치,반찬,mapped,side,11,legacy_strings,0,11,3,0,false,needs_structural_normalization,missing_or_invalid_difficulty|missing_servings|missing_total_time|source_ledger_missing|beginner_review_missing|legacy_ingredient_strings_need_editor_parse|step_v2_fields_missing
649744ac-17a9-4b2d-ac9e-ca779f0c5c07,새우 두부 계란찜,반찬,mapped,side,11,legacy_strings,0,11,3,0,false,needs_structural_normalization,missing_or_invalid_difficulty|missing_servings|missing_total_time|source_ledger_missing|beginner_review_missing|legacy_ingredient_strings_need_editor_parse|step_v2_fields_missing
06bd1b81-3731-4c84-9b49-b117c53fb210,부추 콩가루 찜,반찬,mapped,side,11,legacy_strings,0,11,3,0,false,needs_structural_normalization,missing_or_invalid_difficulty|missing_servings|missing_total_time|source_ledger_missing|beginner_review_missing|legacy_ingredient_strings_need_editor_parse|step_v2_fields_missing
2d74d175-97db-45de-902b-9e268960d595,방울토마토 소박이,반찬,mapped,side,12,legacy_strings,0,12,3,0,false,needs_structural_normalization,missing_or_invalid_difficulty|missing_servings|missing_total_time|source_ledger_missing|beginner_review_missing|legacy_ingredient_strings_need_editor_parse|step_v2_fields_missing
f40b458b-e515-4d74-a6ec-20f59b554062,순두부 사과 소스 오이무침,반찬,mapped,side,6,legacy_strings,0,6,3,0,false,needs_structural_normalization,missing_or_invalid_difficulty|missing_servings|missing_total_time|source_ledger_missing|beginner_review_missing|legacy_ingredient_strings_need_editor_parse|step_v2_fields_missing
38b919e6-ec22-43a0-8f35-f4dc7d455dba,사과 새우 북엇국,국&찌개,unresolved,,9,legacy_strings,0,9,3,0,false,needs_structural_normalization,category_unresolved|missing_or_invalid_difficulty|missing_servings|missing_total_time|source_ledger_missing|beginner_review_missing|legacy_ingredient_strings_need_editor_parse|step_v2_fields_missing
242be1bb-ff02-4302-9448-c38bd86bed82,저염 된장으로 맛을 낸 황태해장국,국&찌개,unresolved,,11,legacy_strings,0,11,3,0,false,needs_structural_normalization,category_unresolved|missing_or_invalid_difficulty|missing_servings|missing_total_time|source_ledger_missing|beginner_review_missing|legacy_ingredient_strings_need_editor_parse|step_v2_fields_missing
88454e89-fa88-41e9-8010-e599dac64636,된장국,국&찌개,unresolved,,8,legacy_strings,0,8,3,0,false,needs_structural_normalization,category_unresolved|missing_or_invalid_difficulty|missing_servings|missing_total_time|source_ledger_missing|beginner_review_missing|legacy_ingredient_strings_need_editor_parse|step_v2_fields_missing
879bd8ab-9fe3-49a5-a634-002a3869faab,표고버섯 청경채국,국&찌개,unresolved,,10,legacy_strings,0,10,3,0,false,needs_structural_normalization,category_unresolved|missing_or_invalid_difficulty|missing_servings|missing_total_time|source_ledger_missing|beginner_review_missing|legacy_ingredient_strings_need_editor_parse|step_v2_fields_missing
87d5fbf2-8d6c-4795-87a4-de46ef34db63,치커리샐러드와 올리브 마늘 소스,반찬,mapped,side,8,legacy_strings,0,8,3,0,false,needs_structural_normalization,missing_or_invalid_difficulty|missing_servings|missing_total_time|source_ledger_missing|beginner_review_missing|legacy_ingredient_strings_need_editor_parse|step_v2_fields_missing
b4b3492f-8c69-46a3-bb95-b3292df43ecc,비타 오이 물김치,반찬,mapped,side,10,legacy_strings,0,10,0,0,false,needs_structural_normalization,missing_or_invalid_difficulty|missing_servings|missing_total_time|source_ledger_missing|beginner_review_missing|legacy_ingredient_strings_need_editor_parse|steps_missing
de7718d3-7f05-4b9b-8248-afc7c9cda353,청국장 시래기전,반찬,mapped,side,9,legacy_strings,0,9,6,0,false,needs_structural_normalization,missing_or_invalid_difficulty|missing_servings|missing_total_time|source_ledger_missing|beginner_review_missing|legacy_ingredient_strings_need_editor_parse|step_v2_fields_missing
0a0aadfd-f017-4ece-ad79-ca90d08496e7,톡톡! 오미자 펀치,후식,mapped,dessert,6,legacy_strings,0,6,6,0,false,needs_structural_normalization,missing_or_invalid_difficulty|missing_servings|missing_total_time|source_ledger_missing|beginner_review_missing|legacy_ingredient_strings_need_editor_parse|step_v2_fields_missing
097c39b8-14c7-4f94-a14c-dd2cfcf25de1,카레소스를 얹은 두부 스테이크,반찬,mapped,side,11,legacy_strings,0,11,6,0,false,needs_structural_normalization,missing_or_invalid_difficulty|missing_servings|missing_total_time|source_ledger_missing|beginner_review_missing|legacy_ingredient_strings_need_editor_parse|step_v2_fields_missing
49066974-fc05-47a5-a75e-4857f00ae0e4,녹차 파나코타,후식,mapped,dessert,9,legacy_strings,0,9,6,0,false,needs_structural_normalization,missing_or_invalid_difficulty|missing_servings|missing_total_time|source_ledger_missing|beginner_review_missing|legacy_ingredient_strings_need_editor_parse|step_v2_fields_missing
788f5f3a-19b5-474a-bc93-09eb9242d8c4,꽃설기,후식,mapped,dessert,9,legacy_strings,0,9,6,0,false,needs_structural_normalization,missing_or_invalid_difficulty|missing_servings|missing_total_time|source_ledger_missing|beginner_review_missing|legacy_ingredient_strings_need_editor_parse|step_v2_fields_missing
18edd938-6f81-4dd9-a4b6-b2eb522bf2c1,비트무절임,반찬,mapped,side,8,legacy_strings,0,8,3,0,false,needs_structural_normalization,missing_or_invalid_difficulty|missing_servings|missing_total_time|source_ledger_missing|beginner_review_missing|legacy_ingredient_strings_need_editor_parse|step_v2_fields_missing
a9851b12-1ca9-4c62-a82e-1a7c3bc1ff7d,스트로베리 샐러드,반찬,mapped,side,8,legacy_strings,0,8,3,0,false,needs_structural_normalization,missing_or_invalid_difficulty|missing_servings|missing_total_time|source_ledger_missing|beginner_review_missing|legacy_ingredient_strings_need_editor_parse|step_v2_fields_missing
b3a8e31b-97b1-4701-a268-d48bdc0911be,시금치 우유 소스와 그린매쉬드포테이토,반찬,mapped,side,10,legacy_strings,0,10,3,0,false,needs_structural_normalization,missing_or_invalid_difficulty|missing_servings|missing_total_time|source_ledger_missing|beginner_review_missing|legacy_ingredient_strings_need_editor_parse|step_v2_fields_missing
99cbc385-dd6a-4569-8d48-cfd066a9c19d,버섯구이와 두부타르타르 소스,반찬,mapped,side,14,legacy_strings,0,14,3,0,false,needs_structural_normalization,missing_or_invalid_difficulty|missing_servings|missing_total_time|source_ledger_missing|beginner_review_missing|legacy_ingredient_strings_need_editor_parse|step_v2_fields_missing
32694962-25b9-4a44-88e4-8f2135d0ab5b,부대된장찌개,국&찌개,unresolved,,16,legacy_strings,0,16,3,0,false,needs_structural_normalization,category_unresolved|missing_or_invalid_difficulty|missing_servings|missing_total_time|source_ledger_missing|beginner_review_missing|legacy_ingredient_strings_need_editor_parse|step_v2_fields_missing
66ce4cba-4dc7-4e6f-a781-2a937dc864e0,구운채소와 간장레몬 소스,반찬,mapped,side,15,legacy_strings,0,15,3,0,false,needs_structural_normalization,missing_or_invalid_difficulty|missing_servings|missing_total_time|source_ledger_missing|beginner_review_missing|legacy_ingredient_strings_need_editor_parse|step_v2_fields_missing
913951d2-bd26-4aef-9276-254833dba0aa,브로콜리 컬리플라워 샐러드와 두유 요거트 소스,반찬,mapped,side,14,legacy_strings,0,14,3,0,false,needs_structural_normalization,missing_or_invalid_difficulty|missing_servings|missing_total_time|source_ledger_missing|beginner_review_missing|legacy_ingredient_strings_need_editor_parse|step_v2_fields_missing
7c83bcb5-ccce-4754-b267-79addd1ba351,오렌지와 당근 만남주스,후식,mapped,dessert,4,legacy_strings,0,4,6,0,false,needs_structural_normalization,missing_or_invalid_difficulty|missing_servings|missing_total_time|source_ledger_missing|beginner_review_missing|legacy_ingredient_strings_need_editor_parse|step_v2_fields_missing
80aeb6bf-b72b-43bb-9784-e22dbafe87a1,칠곡석류국수,일품,mapped,other,13,legacy_strings,0,13,3,0,false,needs_structural_normalization,missing_or_invalid_difficulty|missing_servings|missing_total_time|source_ledger_missing|beginner_review_missing|legacy_ingredient_strings_need_editor_parse|step_v2_fields_missing
2aec077b-ee9d-4331-a4d2-1c8ba9fd22bb,유자 대구조림,반찬,mapped,side,12,legacy_strings,0,12,3,0,false,needs_structural_normalization,missing_or_invalid_difficulty|missing_servings|missing_total_time|source_ledger_missing|beginner_review_missing|legacy_ingredient_strings_need_editor_parse|step_v2_fields_missing
3767046d-ad89-46ca-9d70-90df4c5239ae,파프리카 물김치,반찬,mapped,side,14,legacy_strings,0,14,3,0,false,needs_structural_normalization,missing_or_invalid_difficulty|missing_servings|missing_total_time|source_ledger_missing|beginner_review_missing|legacy_ingredient_strings_need_editor_parse|step_v2_fields_missing
b99a2fe3-c71d-4599-9913-f5c0c7c3f536,고추장 라따뚜이,반찬,mapped,side,14,legacy_strings,0,14,3,0,false,needs_structural_normalization,missing_or_invalid_difficulty|missing_servings|missing_total_time|source_ledger_missing|beginner_review_missing|legacy_ingredient_strings_need_editor_parse|step_v2_fields_missing
d5e18da2-8c60-4fc6-b64b-c9f9315bce62,민들레 샐러드,반찬,mapped,side,8,legacy_strings,0,8,3,0,false,needs_structural_normalization,missing_or_invalid_difficulty|missing_servings|missing_total_time|source_ledger_missing|beginner_review_missing|legacy_ingredient_strings_need_editor_parse|step_v2_fields_missing
358fd96e-82a9-438b-bba3-7a84aad33c24,토마토 가지 카프레제,후식,mapped,dessert,9,legacy_strings,0,9,3,0,false,needs_structural_normalization,missing_or_invalid_difficulty|missing_servings|missing_total_time|source_ledger_missing|beginner_review_missing|legacy_ingredient_strings_need_editor_parse|step_v2_fields_missing
9cb3b217-b911-4747-b6e2-8a9a857ac54b,우렁된장소스 배추롤,일품,mapped,other,11,legacy_strings,0,11,6,0,false,needs_structural_normalization,missing_or_invalid_difficulty|missing_servings|missing_total_time|source_ledger_missing|beginner_review_missing|legacy_ingredient_strings_need_editor_parse|step_v2_fields_missing
01d9d6dd-43db-4d22-8197-05b8c4e1a17b,인삼떡갈비,반찬,mapped,side,19,legacy_strings,0,19,6,0,false,needs_structural_normalization,missing_or_invalid_difficulty|missing_servings|missing_total_time|source_ledger_missing|beginner_review_missing|legacy_ingredient_strings_need_editor_parse|step_v2_fields_missing
0ecf64fb-0aeb-46b7-8ce4-4d0ed4a7f992,초계탕과 사색곤약,반찬,mapped,side,16,legacy_strings,0,16,6,0,false,needs_structural_normalization,missing_or_invalid_difficulty|missing_servings|missing_total_time|source_ledger_missing|beginner_review_missing|legacy_ingredient_strings_need_editor_parse|step_v2_fields_missing
f1c73f02-1dc3-45a9-8d58-415601ce6436,호박잎 삼계탕,일품,mapped,other,9,legacy_strings,0,9,6,0,false,needs_structural_normalization,missing_or_invalid_difficulty|missing_servings|missing_total_time|source_ledger_missing|beginner_review_missing|legacy_ingredient_strings_need_editor_parse|step_v2_fields_missing
fa46a91b-2abf-4108-84f6-b6737bc0b16a,황태미역 곤약스프,국&찌개,unresolved,,10,legacy_strings,0,10,6,0,false,needs_structural_normalization,category_unresolved|missing_or_invalid_difficulty|missing_servings|missing_total_time|source_ledger_missing|beginner_review_missing|legacy_ingredient_strings_need_editor_parse|step_v2_fields_missing
d230f347-18b7-47e9-af03-d17f2018a2e8,훈제오리가슴살 샐러드,반찬,mapped,side,7,legacy_strings,0,7,6,0,false,needs_structural_normalization,missing_or_invalid_difficulty|missing_servings|missing_total_time|source_ledger_missing|beginner_review_missing|legacy_ingredient_strings_need_editor_parse|step_v2_fields_missing
8fd800da-0af1-4fd1-b280-4db7853ad4e5,토란순두부찌개,국&찌개,unresolved,,7,legacy_strings,0,7,6,0,false,needs_structural_normalization,category_unresolved|missing_or_invalid_difficulty|missing_servings|missing_total_time|source_ledger_missing|beginner_review_missing|legacy_ingredient_strings_need_editor_parse|step_v2_fields_missing
f0649921-3d4f-4cee-89ec-263f9f4e8c43,훈제오리가슴살크러스트,반찬,mapped,side,10,legacy_strings,0,10,6,0,false,needs_structural_normalization,missing_or_invalid_difficulty|missing_servings|missing_total_time|source_ledger_missing|beginner_review_missing|legacy_ingredient_strings_need_editor_parse|step_v2_fields_missing
a042770a-6a89-4e48-b0b0-9921ac98f91f,간장소스를 곁들인 새우전복찜,반찬,mapped,side,12,legacy_strings,0,12,6,0,false,needs_structural_normalization,missing_or_invalid_difficulty|missing_servings|missing_total_time|source_ledger_missing|beginner_review_missing|legacy_ingredient_strings_need_editor_parse|step_v2_fields_missing
80b2523e-46f5-49e8-a2bc-4b7e587dc15c,검은콩국수,일품,mapped,other,7,legacy_strings,0,7,6,0,false,needs_structural_normalization,missing_or_invalid_difficulty|missing_servings|missing_total_time|source_ledger_missing|beginner_review_missing|legacy_ingredient_strings_need_editor_parse|step_v2_fields_missing
99f93d5f-d4e0-45bb-b51a-c7a10c13bb16,겨자소스로 구운 산마샐러드,반찬,mapped,side,10,legacy_strings,0,10,6,0,false,needs_structural_normalization,missing_or_invalid_difficulty|missing_servings|missing_total_time|source_ledger_missing|beginner_review_missing|legacy_ingredient_strings_need_editor_parse|step_v2_fields_missing
204837f6-ff5a-4341-afa3-bcb01d3e1483,맛간장삼치구이,반찬,mapped,side,8,legacy_strings,0,8,6,0,false,needs_structural_normalization,missing_or_invalid_difficulty|missing_servings|missing_total_time|source_ledger_missing|beginner_review_missing|legacy_ingredient_strings_need_editor_parse|step_v2_fields_missing
b0c7fb12-4842-46fd-ac57-d61ab7befdd3,닭고기김치찌개,국&찌개,unresolved,,18,legacy_strings,0,18,5,0,false,needs_structural_normalization,category_unresolved|missing_or_invalid_difficulty|missing_servings|missing_total_time|source_ledger_missing|beginner_review_missing|legacy_ingredient_strings_need_editor_parse|step_v2_fields_missing
9afee80f-1791-4b4d-aa24-a86f4a055868,완자김치찌개,국&찌개,unresolved,,10,legacy_strings,0,10,6,0,false,needs_structural_normalization,category_unresolved|missing_or_invalid_difficulty|missing_servings|missing_total_time|source_ledger_missing|beginner_review_missing|legacy_ingredient_strings_need_editor_parse|step_v2_fields_missing
eb98de59-e934-4bad-a636-94e18d49bb6b,백김치콩비지찌개,국&찌개,unresolved,,7,legacy_strings,0,7,5,0,false,needs_structural_normalization,category_unresolved|missing_or_invalid_difficulty|missing_servings|missing_total_time|source_ledger_missing|beginner_review_missing|legacy_ingredient_strings_need_editor_parse|step_v2_fields_missing
30e99587-98c1-47ef-bbcd-e3461e7d2273,오징어김치찌개,국&찌개,unresolved,,15,legacy_strings,0,15,6,0,false,needs_structural_normalization,category_unresolved|missing_or_invalid_difficulty|missing_servings|missing_total_time|source_ledger_missing|beginner_review_missing|legacy_ingredient_strings_need_editor_parse|step_v2_fields_missing
ce221181-a745-456e-a429-f99367d69795,삼겹살꼬치구이,반찬,mapped,side,12,legacy_strings,0,12,5,0,false,needs_structural_normalization,missing_or_invalid_difficulty|missing_servings|missing_total_time|source_ledger_missing|beginner_review_missing|legacy_ingredient_strings_need_editor_parse|step_v2_fields_missing
7bfc45c4-f5d6-4917-a1e3-aa6b75e985fb,해물김치찌개,국&찌개,unresolved,,13,legacy_strings,0,13,6,0,false,needs_structural_normalization,category_unresolved|missing_or_invalid_difficulty|missing_servings|missing_total_time|source_ledger_missing|beginner_review_missing|legacy_ingredient_strings_need_editor_parse|step_v2_fields_missing
e6938cbe-0136-43a2-a93b-109a0d859ac5,맑은부대찌개,국&찌개,unresolved,,19,legacy_strings,0,19,5,0,false,needs_structural_normalization,category_unresolved|missing_or_invalid_difficulty|missing_servings|missing_total_time|source_ledger_missing|beginner_review_missing|legacy_ingredient_strings_need_editor_parse|step_v2_fields_missing
75156373-3367-4ed1-be78-4acbe3df10b5,나가사키부대찌개,국&찌개,unresolved,,25,legacy_strings,0,25,6,0,false,needs_structural_normalization,category_unresolved|missing_or_invalid_difficulty|missing_servings|missing_total_time|source_ledger_missing|beginner_review_missing|legacy_ingredient_strings_need_editor_parse|step_v2_fields_missing
c608940a-a02a-4a4f-8eb7-0bbc64c28c21,삼계부대찌개,국&찌개,unresolved,,22,legacy_strings,0,22,6,0,false,needs_structural_normalization,category_unresolved|missing_or_invalid_difficulty|missing_servings|missing_total_time|source_ledger_missing|beginner_review_missing|legacy_ingredient_strings_need_editor_parse|step_v2_fields_missing
6d820753-2b54-498a-9a3c-3b6cfafad380,쑥갓부대찌개,국&찌개,unresolved,,13,legacy_strings,0,13,6,0,false,needs_structural_normalization,category_unresolved|missing_or_invalid_difficulty|missing_servings|missing_total_time|source_ledger_missing|beginner_review_missing|legacy_ingredient_strings_need_editor_parse|step_v2_fields_missing
94c4c47d-5327-4aac-aa3d-610d83ca1885,들깨순두부찌개,국&찌개,unresolved,,14,legacy_strings,0,14,6,0,false,needs_structural_normalization,category_unresolved|missing_or_invalid_difficulty|missing_servings|missing_total_time|source_ledger_missing|beginner_review_missing|legacy_ingredient_strings_need_editor_parse|step_v2_fields_missing
5d43a63e-3605-42ef-a2fb-b7e376c28d9d,백태순두부찌개,국&찌개,unresolved,,16,legacy_strings,0,16,6,0,false,needs_structural_normalization,category_unresolved|missing_or_invalid_difficulty|missing_servings|missing_total_time|source_ledger_missing|beginner_review_missing|legacy_ingredient_strings_need_editor_parse|step_v2_fields_missing
5bc71553-6138-4f19-b782-eafd396deca3,버섯순두부찌개,국&찌개,unresolved,,17,legacy_strings,0,17,6,0,false,needs_structural_normalization,category_unresolved|missing_or_invalid_difficulty|missing_servings|missing_total_time|source_ledger_missing|beginner_review_missing|legacy_ingredient_strings_need_editor_parse|step_v2_fields_missing
f82a2f20-d196-4a89-973e-0e3e30628880,곤약 콩조림,반찬,mapped,side,0,missing,0,0,6,0,false,needs_structural_normalization,missing_or_invalid_difficulty|missing_servings|missing_total_time|source_ledger_missing|beginner_review_missing|ingredients_missing|step_v2_fields_missing
b1c36d68-f372-4650-b4fa-51c20ffcca83,토마토스프파스타,일품,mapped,other,13,legacy_strings,0,13,6,0,false,needs_structural_normalization,missing_or_invalid_difficulty|missing_servings|missing_total_time|source_ledger_missing|beginner_review_missing|legacy_ingredient_strings_need_editor_parse|step_v2_fields_missing
0cd4a5ca-e8ee-4cf4-97b1-02aee0e75cd9,다이어트국수,일품,mapped,other,10,legacy_strings,0,10,6,0,false,needs_structural_normalization,missing_or_invalid_difficulty|missing_servings|missing_total_time|source_ledger_missing|beginner_review_missing|legacy_ingredient_strings_need_editor_parse|step_v2_fields_missing
96300a19-b524-4566-bc61-8d36184369bf,오징어구이,반찬,mapped,side,14,legacy_strings,0,14,6,0,false,needs_structural_normalization,missing_or_invalid_difficulty|missing_servings|missing_total_time|source_ledger_missing|beginner_review_missing|legacy_ingredient_strings_need_editor_parse|step_v2_fields_missing
88257884-0497-4696-a5cc-16ef4fb261dd,배숙구이,후식,mapped,dessert,5,legacy_strings,0,5,5,0,false,needs_structural_normalization,missing_or_invalid_difficulty|missing_servings|missing_total_time|source_ledger_missing|beginner_review_missing|legacy_ingredient_strings_need_editor_parse|step_v2_fields_missing
371f2aae-f908-4bff-a762-650a9bc8209e,새우아욱죽,밥,mapped,rice,5,legacy_strings,0,5,6,0,false,needs_structural_normalization,missing_or_invalid_difficulty|missing_servings|missing_total_time|source_ledger_missing|beginner_review_missing|legacy_ingredient_strings_need_editor_parse|step_v2_fields_missing
e0074734-5419-491b-bf70-6442dcacab40,웰빙스테이크,일품,mapped,other,11,legacy_strings,0,11,6,0,false,needs_structural_normalization,missing_or_invalid_difficulty|missing_servings|missing_total_time|source_ledger_missing|beginner_review_missing|legacy_ingredient_strings_need_editor_parse|step_v2_fields_missing
d849ad5a-2692-416b-be40-a94473e740a2,오징어콩순대,일품,mapped,other,15,legacy_strings,0,15,6,0,false,needs_structural_normalization,missing_or_invalid_difficulty|missing_servings|missing_total_time|source_ledger_missing|beginner_review_missing|legacy_ingredient_strings_need_editor_parse|step_v2_fields_missing
6333539f-dd67-403a-9c49-d5dc8dc34dff,토마토소고기장조림,반찬,mapped,side,10,legacy_strings,0,10,5,0,false,needs_structural_normalization,missing_or_invalid_difficulty|missing_servings|missing_total_time|source_ledger_missing|beginner_review_missing|legacy_ingredient_strings_need_editor_parse|step_v2_fields_missing
59bd5958-265f-4aee-b99e-41eda5dd54fc,토마토소고기찜,반찬,mapped,side,11,legacy_strings,0,11,6,0,false,needs_structural_normalization,missing_or_invalid_difficulty|missing_servings|missing_total_time|source_ledger_missing|beginner_review_missing|legacy_ingredient_strings_need_editor_parse|step_v2_fields_missing
8af5e6f3-890c-496b-90f6-6b402a4badff,까르보나라뇨끼,일품,mapped,other,13,legacy_strings,0,13,6,0,false,needs_structural_normalization,missing_or_invalid_difficulty|missing_servings|missing_total_time|source_ledger_missing|beginner_review_missing|legacy_ingredient_strings_need_editor_parse|step_v2_fields_missing
ebd03bc4-cc67-4619-b32b-6179c42600db,호박죽,일품,mapped,other,8,legacy_strings,0,8,6,0,false,needs_structural_normalization,missing_or_invalid_difficulty|missing_servings|missing_total_time|source_ledger_missing|beginner_review_missing|legacy_ingredient_strings_need_editor_parse|step_v2_fields_missing
5736fe7b-c000-4945-8bf7-c1f46c44b4ca,라이스버거떡갈비,반찬,mapped,side,17,legacy_strings,0,17,6,0,false,needs_structural_normalization,missing_or_invalid_difficulty|missing_servings|missing_total_time|source_ledger_missing|beginner_review_missing|legacy_ingredient_strings_need_editor_parse|step_v2_fields_missing
b01feb7f-40be-4832-a881-b0eb2018d703,고추김치,반찬,mapped,side,9,legacy_strings,0,9,6,0,false,needs_structural_normalization,missing_or_invalid_difficulty|missing_servings|missing_total_time|source_ledger_missing|beginner_review_missing|legacy_ingredient_strings_need_editor_parse|step_v2_fields_missing
1546c0e3-7659-486f-a538-390ab91162a4,누룽닭,반찬,mapped,side,20,legacy_strings,0,20,6,0,false,needs_structural_normalization,missing_or_invalid_difficulty|missing_servings|missing_total_time|source_ledger_missing|beginner_review_missing|legacy_ingredient_strings_need_editor_parse|step_v2_fields_missing
4c96b00e-4c13-4e5a-9f93-2f05437ac84c,광어스테이크,반찬,mapped,side,11,legacy_strings,0,11,6,0,false,needs_structural_normalization,missing_or_invalid_difficulty|missing_servings|missing_total_time|source_ledger_missing|beginner_review_missing|legacy_ingredient_strings_need_editor_parse|step_v2_fields_missing
74787fcc-399d-494f-a4ce-4c34d9ba0601,치즈감자크로켓,후식,mapped,dessert,11,legacy_strings,0,11,6,0,false,needs_structural_normalization,missing_or_invalid_difficulty|missing_servings|missing_total_time|source_ledger_missing|beginner_review_missing|legacy_ingredient_strings_need_editor_parse|step_v2_fields_missing
c45c0f7f-92d2-44ce-b154-97c2a32f29a2,민어매운탕,국&찌개,unresolved,,22,legacy_strings,0,22,6,0,false,needs_structural_normalization,category_unresolved|missing_or_invalid_difficulty|missing_servings|missing_total_time|source_ledger_missing|beginner_review_missing|legacy_ingredient_strings_need_editor_parse|step_v2_fields_missing
ea6b3363-ad00-4923-ae0f-5dd943daca43,코코넛밀크카레,반찬,mapped,side,11,legacy_strings,0,11,6,0,false,needs_structural_normalization,missing_or_invalid_difficulty|missing_servings|missing_total_time|source_ledger_missing|beginner_review_missing|legacy_ingredient_strings_need_editor_parse|step_v2_fields_missing
7d85aab9-a201-415b-9905-adb845faf6c9,소고기리조또롤,밥,mapped,rice,13,legacy_strings,0,13,6,0,false,needs_structural_normalization,missing_or_invalid_difficulty|missing_servings|missing_total_time|source_ledger_missing|beginner_review_missing|legacy_ingredient_strings_need_editor_parse|step_v2_fields_missing
19968557-cbbc-46e7-a50d-ff55475abda6,둥지튀김,반찬,mapped,side,16,legacy_strings,0,16,6,0,false,needs_structural_normalization,missing_or_invalid_difficulty|missing_servings|missing_total_time|source_ledger_missing|beginner_review_missing|legacy_ingredient_strings_need_editor_parse|step_v2_fields_missing
98c6a6b1-2e58-45a9-89a7-9da0b5a6f36e,새우와스테이크,일품,mapped,other,18,legacy_strings,0,18,6,0,false,needs_structural_normalization,missing_or_invalid_difficulty|missing_servings|missing_total_time|source_ledger_missing|beginner_review_missing|legacy_ingredient_strings_need_editor_parse|step_v2_fields_missing
2e2d8834-c3a1-4f1a-8ba0-f6a19f4edad6,함초삼겹,반찬,mapped,side,13,legacy_strings,0,13,6,0,false,needs_structural_normalization,missing_or_invalid_difficulty|missing_servings|missing_total_time|source_ledger_missing|beginner_review_missing|legacy_ingredient_strings_need_editor_parse|step_v2_fields_missing
228aba39-58c0-4277-87c6-58d6a0815f90,햄버거스테이크,반찬,mapped,side,14,legacy_strings,0,14,6,0,false,needs_structural_normalization,missing_or_invalid_difficulty|missing_servings|missing_total_time|source_ledger_missing|beginner_review_missing|legacy_ingredient_strings_need_editor_parse|step_v2_fields_missing
3e08cef9-5f7f-4b11-a77f-3baa9b94e80d,유자삼치구이,반찬,mapped,side,7,legacy_strings,0,7,6,0,false,needs_structural_normalization,missing_or_invalid_difficulty|missing_servings|missing_total_time|source_ledger_missing|beginner_review_missing|legacy_ingredient_strings_need_editor_parse|step_v2_fields_missing
5d39a17b-84d8-40c1-ade5-747b6f41dd54,냉토마토파스타,일품,mapped,other,14,legacy_strings,0,14,6,0,false,needs_structural_normalization,missing_or_invalid_difficulty|missing_servings|missing_total_time|source_ledger_missing|beginner_review_missing|legacy_ingredient_strings_need_editor_parse|step_v2_fields_missing
35735175-ca1c-4e2e-a06f-a7d239a3bada,닭고기또띠아,반찬,mapped,side,13,legacy_strings,0,13,6,0,false,needs_structural_normalization,missing_or_invalid_difficulty|missing_servings|missing_total_time|source_ledger_missing|beginner_review_missing|legacy_ingredient_strings_need_editor_parse|step_v2_fields_missing
a23e3675-12c1-4b4b-89e7-a1eb77adb733,닭고기스테이크,반찬,mapped,side,10,legacy_strings,0,10,6,0,false,needs_structural_normalization,missing_or_invalid_difficulty|missing_servings|missing_total_time|source_ledger_missing|beginner_review_missing|legacy_ingredient_strings_need_editor_parse|step_v2_fields_missing
635a2c92-0d78-43f4-abaf-497cd0e21760,오징어순대,반찬,mapped,side,13,legacy_strings,0,13,6,0,false,needs_structural_normalization,missing_or_invalid_difficulty|missing_servings|missing_total_time|source_ledger_missing|beginner_review_missing|legacy_ingredient_strings_need_editor_parse|step_v2_fields_missing
2dd9057b-0c99-41ac-ae6f-be80c664f7cf,연어차우더스프,일품,mapped,other,13,legacy_strings,0,13,6,0,false,needs_structural_normalization,missing_or_invalid_difficulty|missing_servings|missing_total_time|source_ledger_missing|beginner_review_missing|legacy_ingredient_strings_need_editor_parse|step_v2_fields_missing
283a3dfd-fd77-405a-87cd-b022ed0ddbb7,시금치브로컬리 파스타,일품,mapped,other,9,legacy_strings,0,9,6,0,false,needs_structural_normalization,missing_or_invalid_difficulty|missing_servings|missing_total_time|source_ledger_missing|beginner_review_missing|legacy_ingredient_strings_need_editor_parse|step_v2_fields_missing
1ec5f13b-3a23-429c-ab5d-e1fdb97f1de8,야채찜을 곁들인 광어스테이크,일품,mapped,other,13,legacy_strings,0,13,6,0,false,needs_structural_normalization,missing_or_invalid_difficulty|missing_servings|missing_total_time|source_ledger_missing|beginner_review_missing|legacy_ingredient_strings_need_editor_parse|step_v2_fields_missing
184af52b-f014-4621-a9be-0cfaff45d44d,연근부각,반찬,mapped,side,5,legacy_strings,0,5,6,0,false,needs_structural_normalization,missing_or_invalid_difficulty|missing_servings|missing_total_time|source_ledger_missing|beginner_review_missing|legacy_ingredient_strings_need_editor_parse|step_v2_fields_missing
331244f5-a078-4912-96a2-9728144a924d,콜라비오미자 물김치,반찬,mapped,side,11,legacy_strings,0,11,6,0,false,needs_structural_normalization,missing_or_invalid_difficulty|missing_servings|missing_total_time|source_ledger_missing|beginner_review_missing|legacy_ingredient_strings_need_editor_parse|step_v2_fields_missing
034c626f-129d-44f8-9c9d-9c7cf9efaa35,오이냉국을 곁들인 오색쌈밥,밥,mapped,rice,18,legacy_strings,0,18,6,0,false,needs_structural_normalization,missing_or_invalid_difficulty|missing_servings|missing_total_time|source_ledger_missing|beginner_review_missing|legacy_ingredient_strings_need_editor_parse|step_v2_fields_missing
12ffcbce-3697-43ed-b0de-c52dfc4a67e0,카레탄두리치킨과 닭가슴살냉채,일품,mapped,other,11,legacy_strings,0,11,6,0,false,needs_structural_normalization,missing_or_invalid_difficulty|missing_servings|missing_total_time|source_ledger_missing|beginner_review_missing|legacy_ingredient_strings_need_editor_parse|step_v2_fields_missing
a4bffbde-3593-4589-94ed-5ce3ebed7f9c,연근초무침,반찬,mapped,side,9,legacy_strings,0,9,6,0,false,needs_structural_normalization,missing_or_invalid_difficulty|missing_servings|missing_total_time|source_ledger_missing|beginner_review_missing|legacy_ingredient_strings_need_editor_parse|step_v2_fields_missing
a81beb1f-c597-4ec8-93f6-a4c8f49e8e32,컬리플라워소스 광어스테이크,일품,mapped,other,13,legacy_strings,0,13,6,0,false,needs_structural_normalization,missing_or_invalid_difficulty|missing_servings|missing_total_time|source_ledger_missing|beginner_review_missing|legacy_ingredient_strings_need_editor_parse|step_v2_fields_missing
3a886af1-e044-475f-aad7-db15b21bf415,생선카레튀김,반찬,mapped,side,14,legacy_strings,0,14,6,0,false,needs_structural_normalization,missing_or_invalid_difficulty|missing_servings|missing_total_time|source_ledger_missing|beginner_review_missing|legacy_ingredient_strings_need_editor_parse|step_v2_fields_missing
c9753011-9d00-445e-bc35-32229d71a2c6,크림소스치킨롤,일품,mapped,other,13,legacy_strings,0,13,6,0,false,needs_structural_normalization,missing_or_invalid_difficulty|missing_servings|missing_total_time|source_ledger_missing|beginner_review_missing|legacy_ingredient_strings_need_editor_parse|step_v2_fields_missing
7604e39a-91a8-4afe-83fa-90df863be17f,표고버섯 감자찜,반찬,mapped,side,7,legacy_strings,0,7,6,0,false,needs_structural_normalization,missing_or_invalid_difficulty|missing_servings|missing_total_time|source_ledger_missing|beginner_review_missing|legacy_ingredient_strings_need_editor_parse|step_v2_fields_missing
07896ef6-a483-4e46-bbd0-37980a3a817a,해물애호박 전병말이,반찬,mapped,side,13,legacy_strings,0,13,6,0,false,needs_structural_normalization,missing_or_invalid_difficulty|missing_servings|missing_total_time|source_ledger_missing|beginner_review_missing|legacy_ingredient_strings_need_editor_parse|step_v2_fields_missing
0f76453a-898e-4db5-b416-db603088b734,찬밥이용닭죽,밥,mapped,rice,10,legacy_strings,0,10,6,0,false,needs_structural_normalization,missing_or_invalid_difficulty|missing_servings|missing_total_time|source_ledger_missing|beginner_review_missing|legacy_ingredient_strings_need_editor_parse|step_v2_fields_missing
5712cec7-0124-431f-b7b0-8d67d171028a,감자느타리버섯국,국&찌개,unresolved,,10,legacy_strings,0,10,6,0,false,needs_structural_normalization,category_unresolved|missing_or_invalid_difficulty|missing_servings|missing_total_time|source_ledger_missing|beginner_review_missing|legacy_ingredient_strings_need_editor_parse|step_v2_fields_missing
d060a761-a6f8-4f20-82be-228195f218ce,아몬드치킨볼,반찬,mapped,side,13,legacy_strings,0,13,6,0,false,needs_structural_normalization,missing_or_invalid_difficulty|missing_servings|missing_total_time|source_ledger_missing|beginner_review_missing|legacy_ingredient_strings_need_editor_parse|step_v2_fields_missing
dab9b6ae-095d-4224-a719-bea73a6b2e84,주꾸미머리순대,반찬,mapped,side,11,legacy_strings,0,11,6,0,false,needs_structural_normalization,missing_or_invalid_difficulty|missing_servings|missing_total_time|source_ledger_missing|beginner_review_missing|legacy_ingredient_strings_need_editor_parse|step_v2_fields_missing
28909b13-0ba0-47cf-b1a3-ae9a2a1134b2,양배추롤,반찬,mapped,side,11,legacy_strings,0,11,6,0,false,needs_structural_normalization,missing_or_invalid_difficulty|missing_servings|missing_total_time|source_ledger_missing|beginner_review_missing|legacy_ingredient_strings_need_editor_parse|step_v2_fields_missing
be836127-cd28-4728-9ed3-ff82734b3542,생선베이컨말이,반찬,mapped,side,8,legacy_strings,0,8,5,0,false,needs_structural_normalization,missing_or_invalid_difficulty|missing_servings|missing_total_time|source_ledger_missing|beginner_review_missing|legacy_ingredient_strings_need_editor_parse|step_v2_fields_missing
133ab3c2-7841-42a0-ba07-4bf6362dba38,삼겹가지볶음,반찬,mapped,side,19,legacy_strings,0,19,6,0,false,needs_structural_normalization,missing_or_invalid_difficulty|missing_servings|missing_total_time|source_ledger_missing|beginner_review_missing|legacy_ingredient_strings_need_editor_parse|step_v2_fields_missing
ceb52855-7b45-4a83-b520-f82ee7a04ce7,콩고기샐러드,반찬,mapped,side,16,legacy_strings,0,16,5,0,false,needs_structural_normalization,missing_or_invalid_difficulty|missing_servings|missing_total_time|source_ledger_missing|beginner_review_missing|legacy_ingredient_strings_need_editor_parse|step_v2_fields_missing
628b05be-2af5-4633-92b4-3edf341acccf,퀴노아닭가슴살샐러드,반찬,mapped,side,15,legacy_strings,0,15,6,0,false,needs_structural_normalization,missing_or_invalid_difficulty|missing_servings|missing_total_time|source_ledger_missing|beginner_review_missing|legacy_ingredient_strings_need_editor_parse|step_v2_fields_missing
bfbcafd2-6d30-4a33-813a-06ebc6950c93,바나나크림파스타,일품,mapped,other,13,legacy_strings,0,13,6,0,false,needs_structural_normalization,missing_or_invalid_difficulty|missing_servings|missing_total_time|source_ledger_missing|beginner_review_missing|legacy_ingredient_strings_need_editor_parse|step_v2_fields_missing
f45c2429-0b4f-41b1-a440-cc20d68ab920,산채쌀파스타,일품,mapped,other,16,legacy_strings,0,16,6,0,false,needs_structural_normalization,missing_or_invalid_difficulty|missing_servings|missing_total_time|source_ledger_missing|beginner_review_missing|legacy_ingredient_strings_need_editor_parse|step_v2_fields_missing
be52fb77-eaef-4e84-bbf1-0c717f175194,버섯 두유 소스 볶음,반찬,mapped,side,11,legacy_strings,0,11,3,0,false,needs_structural_normalization,missing_or_invalid_difficulty|missing_servings|missing_total_time|source_ledger_missing|beginner_review_missing|legacy_ingredient_strings_need_editor_parse|step_v2_fields_missing
2288a8a1-009d-4bc2-976a-84918c0438b4,황태포당면국수,일품,mapped,other,15,legacy_strings,0,15,6,0,false,needs_structural_normalization,missing_or_invalid_difficulty|missing_servings|missing_total_time|source_ledger_missing|beginner_review_missing|legacy_ingredient_strings_need_editor_parse|step_v2_fields_missing
9158f41d-eecd-40f4-9ca8-7c36f18628d7,닭갈비볶음면,일품,mapped,other,14,legacy_strings,0,14,6,0,false,needs_structural_normalization,missing_or_invalid_difficulty|missing_servings|missing_total_time|source_ledger_missing|beginner_review_missing|legacy_ingredient_strings_need_editor_parse|step_v2_fields_missing
a7ec3a7a-4cf3-4fcf-863a-e38c3cc7658c,오색볶음면,일품,mapped,other,11,legacy_strings,0,11,5,0,false,needs_structural_normalization,missing_or_invalid_difficulty|missing_servings|missing_total_time|source_ledger_missing|beginner_review_missing|legacy_ingredient_strings_need_editor_parse|step_v2_fields_missing
255f4241-76d0-4c71-a9af-2fc51d7652cf,로제소스라면,일품,mapped,other,13,legacy_strings,0,13,6,0,false,needs_structural_normalization,missing_or_invalid_difficulty|missing_servings|missing_total_time|source_ledger_missing|beginner_review_missing|legacy_ingredient_strings_need_editor_parse|step_v2_fields_missing
6d9fc792-05cb-4be7-b7f7-0df5fc828580,라면월남쌈튀김,반찬,mapped,side,18,legacy_strings,0,18,6,0,false,needs_structural_normalization,missing_or_invalid_difficulty|missing_servings|missing_total_time|source_ledger_missing|beginner_review_missing|legacy_ingredient_strings_need_editor_parse|step_v2_fields_missing
8dd881ed-bd28-44bd-8bd2-8338704891f7,삼겹살라면,일품,mapped,other,10,legacy_strings,0,10,5,0,false,needs_structural_normalization,missing_or_invalid_difficulty|missing_servings|missing_total_time|source_ledger_missing|beginner_review_missing|legacy_ingredient_strings_need_editor_parse|step_v2_fields_missing
9a40ec50-eda6-4e7f-94bc-1ec6b4a069d6,유자샐러드라면,일품,mapped,other,9,legacy_strings,0,9,4,0,false,needs_structural_normalization,missing_or_invalid_difficulty|missing_servings|missing_total_time|source_ledger_missing|beginner_review_missing|legacy_ingredient_strings_need_editor_parse|step_v2_fields_missing
f3826cbd-88b0-44f1-9c0a-305dfd795740,닭고기월남쌈,반찬,mapped,side,16,legacy_strings,0,16,6,0,false,needs_structural_normalization,missing_or_invalid_difficulty|missing_servings|missing_total_time|source_ledger_missing|beginner_review_missing|legacy_ingredient_strings_need_editor_parse|step_v2_fields_missing
79503c0c-134c-4912-bf49-dc97d4a18989,매실동치미,반찬,mapped,side,9,legacy_strings,0,9,6,0,false,needs_structural_normalization,missing_or_invalid_difficulty|missing_servings|missing_total_time|source_ledger_missing|beginner_review_missing|legacy_ingredient_strings_need_editor_parse|step_v2_fields_missing
884dc45a-d471-4b43-9da4-a3ae8756f69c,조기까스,반찬,mapped,side,11,legacy_strings,0,11,6,0,false,needs_structural_normalization,missing_or_invalid_difficulty|missing_servings|missing_total_time|source_ledger_missing|beginner_review_missing|legacy_ingredient_strings_need_editor_parse|step_v2_fields_missing
86baf01d-5038-4113-924b-480afa293d39,돼지머리수육맑은전골,일품,mapped,other,12,legacy_strings,0,12,6,0,false,needs_structural_normalization,missing_or_invalid_difficulty|missing_servings|missing_total_time|source_ledger_missing|beginner_review_missing|legacy_ingredient_strings_need_editor_parse|step_v2_fields_missing
1cbfc969-4053-4d5d-bea3-3c014b96b849,파인애플볶음밥,밥,mapped,rice,14,legacy_strings,0,14,6,0,false,needs_structural_normalization,missing_or_invalid_difficulty|missing_servings|missing_total_time|source_ledger_missing|beginner_review_missing|legacy_ingredient_strings_need_editor_parse|step_v2_fields_missing
d78483b2-28ab-462f-8b0f-d2586ab731ac,양배추롤,반찬,mapped,side,17,legacy_strings,0,17,6,0,false,needs_structural_normalization,missing_or_invalid_difficulty|missing_servings|missing_total_time|source_ledger_missing|beginner_review_missing|legacy_ingredient_strings_need_editor_parse|step_v2_fields_missing
f745cc53-968e-4640-8614-007f9a9f00c4,코다리맑은찜,반찬,mapped,side,14,legacy_strings,0,14,6,0,false,needs_structural_normalization,missing_or_invalid_difficulty|missing_servings|missing_total_time|source_ledger_missing|beginner_review_missing|legacy_ingredient_strings_need_editor_parse|step_v2_fields_missing
4555a3f2-d340-4a72-8c4f-78910b9ee18c,뿌리채소두부선,반찬,mapped,side,18,legacy_strings,0,18,6,0,false,needs_structural_normalization,missing_or_invalid_difficulty|missing_servings|missing_total_time|source_ledger_missing|beginner_review_missing|legacy_ingredient_strings_need_editor_parse|step_v2_fields_missing
b4c112af-ce2a-4679-a273-c42c22673c5c,사과장아찌,반찬,mapped,side,10,legacy_strings,0,10,6,0,false,needs_structural_normalization,missing_or_invalid_difficulty|missing_servings|missing_total_time|source_ledger_missing|beginner_review_missing|legacy_ingredient_strings_need_editor_parse|step_v2_fields_missing
71ecf6c4-1f85-4ec8-b144-8f80f72de370,해물들깨탕,국&찌개,unresolved,,12,legacy_strings,0,12,6,0,false,needs_structural_normalization,category_unresolved|missing_or_invalid_difficulty|missing_servings|missing_total_time|source_ledger_missing|beginner_review_missing|legacy_ingredient_strings_need_editor_parse|step_v2_fields_missing
ef6ead50-4ade-4868-9f50-f6ac4d83f579,참외깍두기,반찬,mapped,side,11,legacy_strings,0,11,6,0,false,needs_structural_normalization,missing_or_invalid_difficulty|missing_servings|missing_total_time|source_ledger_missing|beginner_review_missing|legacy_ingredient_strings_need_editor_parse|step_v2_fields_missing
2d0fb74d-5059-4308-a68f-2115506c37ed,단호박소고기롤,반찬,mapped,side,16,legacy_strings,0,16,6,0,false,needs_structural_normalization,missing_or_invalid_difficulty|missing_servings|missing_total_time|source_ledger_missing|beginner_review_missing|legacy_ingredient_strings_need_editor_parse|step_v2_fields_missing
4caa1748-14c2-4c4c-9458-ffe86dc89eed,새콤한연어샐러드,반찬,mapped,side,9,legacy_strings,0,9,6,0,false,needs_structural_normalization,missing_or_invalid_difficulty|missing_servings|missing_total_time|source_ledger_missing|beginner_review_missing|legacy_ingredient_strings_need_editor_parse|step_v2_fields_missing
3c9f0e6c-f10d-4256-a8c1-602baafd590f,논우렁순무섞박지,반찬,mapped,side,12,legacy_strings,0,12,5,0,false,needs_structural_normalization,missing_or_invalid_difficulty|missing_servings|missing_total_time|source_ledger_missing|beginner_review_missing|legacy_ingredient_strings_need_editor_parse|step_v2_fields_missing
6bd09c0d-f652-4210-b63f-04e69fcad311,코다리맑은탕,국&찌개,unresolved,,11,legacy_strings,0,11,6,0,false,needs_structural_normalization,category_unresolved|missing_or_invalid_difficulty|missing_servings|missing_total_time|source_ledger_missing|beginner_review_missing|legacy_ingredient_strings_need_editor_parse|step_v2_fields_missing
149b8430-ccb2-4e98-bf9e-9b33012b4f2f,세가지샐러드,반찬,mapped,side,16,legacy_strings,0,16,6,0,false,needs_structural_normalization,missing_or_invalid_difficulty|missing_servings|missing_total_time|source_ledger_missing|beginner_review_missing|legacy_ingredient_strings_need_editor_parse|step_v2_fields_missing
2dceafa4-f032-40fd-9f14-8a00511d0bce,애호박들깨볶음,반찬,mapped,side,9,legacy_strings,0,9,6,0,false,needs_structural_normalization,missing_or_invalid_difficulty|missing_servings|missing_total_time|source_ledger_missing|beginner_review_missing|legacy_ingredient_strings_need_editor_parse|step_v2_fields_missing
1002bb50-be39-4a53-a206-079221c0c62e,고구마바나나샐러드,반찬,mapped,side,6,legacy_strings,0,6,6,0,false,needs_structural_normalization,missing_or_invalid_difficulty|missing_servings|missing_total_time|source_ledger_missing|beginner_review_missing|legacy_ingredient_strings_need_editor_parse|step_v2_fields_missing
ebc86bb7-60a8-4256-9ca4-f46ec6347ea8,누룽지새우튀김,반찬,mapped,side,11,legacy_strings,0,11,6,0,false,needs_structural_normalization,missing_or_invalid_difficulty|missing_servings|missing_total_time|source_ledger_missing|beginner_review_missing|legacy_ingredient_strings_need_editor_parse|step_v2_fields_missing
ea98f504-ae71-470d-94d0-fe3855f62e9f,백김치주꾸미샐러드,반찬,mapped,side,13,legacy_strings,0,13,6,0,false,needs_structural_normalization,missing_or_invalid_difficulty|missing_servings|missing_total_time|source_ledger_missing|beginner_review_missing|legacy_ingredient_strings_need_editor_parse|step_v2_fields_missing
54336c05-8221-4f28-aa3d-4438092c93c2,주꾸미샐러드,반찬,mapped,side,13,legacy_strings,0,13,6,0,false,needs_structural_normalization,missing_or_invalid_difficulty|missing_servings|missing_total_time|source_ledger_missing|beginner_review_missing|legacy_ingredient_strings_need_editor_parse|step_v2_fields_missing
d956358b-bc26-4c5d-ac3a-933ca860fd0e,해산물리조또,밥,mapped,rice,16,legacy_strings,0,16,6,0,false,needs_structural_normalization,missing_or_invalid_difficulty|missing_servings|missing_total_time|source_ledger_missing|beginner_review_missing|legacy_ingredient_strings_need_editor_parse|step_v2_fields_missing
850b0b86-5aa6-44f9-9096-9f8fedfd0f9e,닭가슴살현미스테이크,반찬,mapped,side,9,legacy_strings,0,9,6,0,false,needs_structural_normalization,missing_or_invalid_difficulty|missing_servings|missing_total_time|source_ledger_missing|beginner_review_missing|legacy_ingredient_strings_need_editor_parse|step_v2_fields_missing
1e07cdf1-298b-4562-a808-6f55c7347dbe,삼겹선,반찬,mapped,side,19,legacy_strings,0,19,6,0,false,needs_structural_normalization,missing_or_invalid_difficulty|missing_servings|missing_total_time|source_ledger_missing|beginner_review_missing|legacy_ingredient_strings_need_editor_parse|step_v2_fields_missing
ea7b65a4-254e-4af9-ad0e-706f378d3775,미니버섯탕수,반찬,mapped,side,15,legacy_strings,0,15,6,0,false,needs_structural_normalization,missing_or_invalid_difficulty|missing_servings|missing_total_time|source_ledger_missing|beginner_review_missing|legacy_ingredient_strings_need_editor_parse|step_v2_fields_missing
427672a9-ef1c-46b4-8659-3c1fe0807e23,연어오븐구이,일품,mapped,other,14,legacy_strings,0,14,6,0,false,needs_structural_normalization,missing_or_invalid_difficulty|missing_servings|missing_total_time|source_ledger_missing|beginner_review_missing|legacy_ingredient_strings_need_editor_parse|step_v2_fields_missing
723dd8dd-06d7-47f7-aba2-445cbaca8d1f,옥음밥,밥,mapped,rice,13,legacy_strings,0,13,6,0,false,needs_structural_normalization,missing_or_invalid_difficulty|missing_servings|missing_total_time|source_ledger_missing|beginner_review_missing|legacy_ingredient_strings_need_editor_parse|step_v2_fields_missing
ecd98088-3484-4b32-9aa4-dd22f3dae423,와사비 연어초밥,밥,mapped,rice,10,legacy_strings,0,10,6,0,false,needs_structural_normalization,missing_or_invalid_difficulty|missing_servings|missing_total_time|source_ledger_missing|beginner_review_missing|legacy_ingredient_strings_need_editor_parse|step_v2_fields_missing
fde2fbcf-f105-4d62-a940-4f5d847b67fc,원소병,후식,mapped,dessert,9,legacy_strings,0,9,6,0,false,needs_structural_normalization,missing_or_invalid_difficulty|missing_servings|missing_total_time|source_ledger_missing|beginner_review_missing|legacy_ingredient_strings_need_editor_parse|step_v2_fields_missing
4f594a37-295a-48bb-88bd-4a8f2bc0242b,음메꼬꼬돌돌,반찬,mapped,side,13,legacy_strings,0,13,6,0,false,needs_structural_normalization,missing_or_invalid_difficulty|missing_servings|missing_total_time|source_ledger_missing|beginner_review_missing|legacy_ingredient_strings_need_editor_parse|step_v2_fields_missing
c4c05ab0-d42f-4921-93b5-97ce0731907a,전복리조또,밥,mapped,rice,10,legacy_strings,0,10,6,0,false,needs_structural_normalization,missing_or_invalid_difficulty|missing_servings|missing_total_time|source_ledger_missing|beginner_review_missing|legacy_ingredient_strings_need_editor_parse|step_v2_fields_missing
4254355e-6410-4cad-bb2a-a15d7f79cc86,참깨흑임 자연두부샐러드,반찬,mapped,side,10,legacy_strings,0,10,6,0,false,needs_structural_normalization,missing_or_invalid_difficulty|missing_servings|missing_total_time|source_ledger_missing|beginner_review_missing|legacy_ingredient_strings_need_editor_parse|step_v2_fields_missing
1288863b-a984-4f16-90ae-038e376caec1,초계탕,국&찌개,unresolved,,12,legacy_strings,0,12,6,0,false,needs_structural_normalization,category_unresolved|missing_or_invalid_difficulty|missing_servings|missing_total_time|source_ledger_missing|beginner_review_missing|legacy_ingredient_strings_need_editor_parse|step_v2_fields_missing
c4e9905f-4353-43c5-8746-a2cd67efbc9d,콩나물부추볶음,반찬,mapped,side,8,legacy_strings,0,8,6,0,false,needs_structural_normalization,missing_or_invalid_difficulty|missing_servings|missing_total_time|source_ledger_missing|beginner_review_missing|legacy_ingredient_strings_need_editor_parse|step_v2_fields_missing
22a8aa9e-7c88-45d3-bf91-75c70e674004,콩비지포카치아 샌드위치,일품,mapped,other,7,legacy_strings,0,7,6,0,false,needs_structural_normalization,missing_or_invalid_difficulty|missing_servings|missing_total_time|source_ledger_missing|beginner_review_missing|legacy_ingredient_strings_need_editor_parse|step_v2_fields_missing
022b2156-bd35-4274-8ff9-27a8532ae639,파프리카더덕소고기깻잎롤,반찬,mapped,side,15,legacy_strings,0,15,6,0,false,needs_structural_normalization,missing_or_invalid_difficulty|missing_servings|missing_total_time|source_ledger_missing|beginner_review_missing|legacy_ingredient_strings_need_editor_parse|step_v2_fields_missing
2b0f91a5-8241-4f43-9e4c-4f0155ac71ce,해물아란치니,반찬,mapped,side,13,legacy_strings,0,13,6,0,false,needs_structural_normalization,missing_or_invalid_difficulty|missing_servings|missing_total_time|source_ledger_missing|beginner_review_missing|legacy_ingredient_strings_need_editor_parse|step_v2_fields_missing
5fefc7f7-c7b3-4f24-b9f4-99e762a9e1c6,새싹참치김밥,밥,mapped,rice,10,legacy_strings,0,10,5,0,false,needs_structural_normalization,missing_or_invalid_difficulty|missing_servings|missing_total_time|source_ledger_missing|beginner_review_missing|legacy_ingredient_strings_need_editor_parse|step_v2_fields_missing
d9d70ac7-1ed6-4a08-b1aa-5eccb4570859,호박잎삼계,반찬,mapped,side,7,legacy_strings,0,7,6,0,false,needs_structural_normalization,missing_or_invalid_difficulty|missing_servings|missing_total_time|source_ledger_missing|beginner_review_missing|legacy_ingredient_strings_need_editor_parse|step_v2_fields_missing
cccbc2da-85d0-4ae8-8c6a-1056867de04c,노른자크림 육회샐러드,반찬,mapped,side,15,legacy_strings,0,15,6,0,false,needs_structural_normalization,missing_or_invalid_difficulty|missing_servings|missing_total_time|source_ledger_missing|beginner_review_missing|legacy_ingredient_strings_need_editor_parse|step_v2_fields_missing
fd3655f7-6456-4e5c-8302-277497595bde,닭고기 완자삼계죽,일품,mapped,other,9,legacy_strings,0,9,6,0,false,needs_structural_normalization,missing_or_invalid_difficulty|missing_servings|missing_total_time|source_ledger_missing|beginner_review_missing|legacy_ingredient_strings_need_editor_parse|step_v2_fields_missing
db058acb-0c3a-4d91-94fb-f75eb881e641,함박스테이크,반찬,mapped,side,19,legacy_strings,0,19,6,0,false,needs_structural_normalization,missing_or_invalid_difficulty|missing_servings|missing_total_time|source_ledger_missing|beginner_review_missing|legacy_ingredient_strings_need_editor_parse|step_v2_fields_missing
00fb5718-0219-4b0f-888c-4a4692afed1d,컵밥,밥,mapped,rice,10,legacy_strings,0,10,3,0,false,needs_structural_normalization,missing_or_invalid_difficulty|missing_servings|missing_total_time|source_ledger_missing|beginner_review_missing|legacy_ingredient_strings_need_editor_parse|step_v2_fields_missing
4fba4473-368e-4590-a460-28dbb2ddc495,대하마늘볶음밥,밥,mapped,rice,13,legacy_strings,0,13,6,0,false,needs_structural_normalization,missing_or_invalid_difficulty|missing_servings|missing_total_time|source_ledger_missing|beginner_review_missing|legacy_ingredient_strings_need_editor_parse|step_v2_fields_missing
ebead782-8276-4fe1-97fc-e19fb1bd8336,두부 카프리제,반찬,mapped,side,14,legacy_strings,0,14,6,0,false,needs_structural_normalization,missing_or_invalid_difficulty|missing_servings|missing_total_time|source_ledger_missing|beginner_review_missing|legacy_ingredient_strings_need_editor_parse|step_v2_fields_missing
8fcd1c86-8dfe-4e8e-af74-7212a0675c23,미역볶음밥,밥,mapped,rice,9,legacy_strings,0,9,6,0,false,needs_structural_normalization,missing_or_invalid_difficulty|missing_servings|missing_total_time|source_ledger_missing|beginner_review_missing|legacy_ingredient_strings_need_editor_parse|step_v2_fields_missing
3233614e-7ed2-413a-91ad-2d3e76830728,청국장볶음밥,밥,mapped,rice,19,legacy_strings,0,19,6,0,false,needs_structural_normalization,missing_or_invalid_difficulty|missing_servings|missing_total_time|source_ledger_missing|beginner_review_missing|legacy_ingredient_strings_need_editor_parse|step_v2_fields_missing
6a836ed2-6e9a-4787-8ebf-26e636589ee9,주꾸미연포탕,국&찌개,unresolved,,11,legacy_strings,0,11,6,0,false,needs_structural_normalization,category_unresolved|missing_or_invalid_difficulty|missing_servings|missing_total_time|source_ledger_missing|beginner_review_missing|legacy_ingredient_strings_need_editor_parse|step_v2_fields_missing
06dedad8-dab0-463c-8330-465ae0397fb3,해물볶음밥,밥,mapped,rice,10,legacy_strings,0,10,6,0,false,needs_structural_normalization,missing_or_invalid_difficulty|missing_servings|missing_total_time|source_ledger_missing|beginner_review_missing|legacy_ingredient_strings_need_editor_parse|step_v2_fields_missing
28673e53-b0c8-4742-944b-3c535b8f6213,토마토카레 채소볶음밥,밥,mapped,rice,13,legacy_strings,0,13,6,0,false,needs_structural_normalization,missing_or_invalid_difficulty|missing_servings|missing_total_time|source_ledger_missing|beginner_review_missing|legacy_ingredient_strings_need_editor_parse|step_v2_fields_missing
3c236b8f-90d6-4b47-841a-32ad33d1d10f,구운주먹밥,밥,mapped,rice,8,legacy_strings,0,8,5,0,false,needs_structural_normalization,missing_or_invalid_difficulty|missing_servings|missing_total_time|source_ledger_missing|beginner_review_missing|legacy_ingredient_strings_need_editor_parse|step_v2_fields_missing
516d331c-237e-4b4f-8f50-e309d5f68bbc,깐풍주먹밥,밥,mapped,rice,14,legacy_strings,0,14,6,0,false,needs_structural_normalization,missing_or_invalid_difficulty|missing_servings|missing_total_time|source_ledger_missing|beginner_review_missing|legacy_ingredient_strings_need_editor_parse|step_v2_fields_missing
0a97685f-3ec4-4161-96a6-899ad08d44e2,닭봉주먹밥,밥,mapped,rice,19,legacy_strings,0,19,6,0,false,needs_structural_normalization,missing_or_invalid_difficulty|missing_servings|missing_total_time|source_ledger_missing|beginner_review_missing|legacy_ingredient_strings_need_editor_parse|step_v2_fields_missing
16f51088-2be2-4f22-8b5f-dadb601df85d,봄주먹밥,밥,mapped,rice,21,legacy_strings,0,21,6,0,false,needs_structural_normalization,missing_or_invalid_difficulty|missing_servings|missing_total_time|source_ledger_missing|beginner_review_missing|legacy_ingredient_strings_need_editor_parse|step_v2_fields_missing
aa1ac8e8-af43-4f48-8ff7-29f80fd3d62e,깻잎장아찌롤,밥,mapped,rice,13,legacy_strings,0,13,6,0,false,needs_structural_normalization,missing_or_invalid_difficulty|missing_servings|missing_total_time|source_ledger_missing|beginner_review_missing|legacy_ingredient_strings_need_editor_parse|step_v2_fields_missing
4e9f3074-a310-47bc-8214-c782ccb7419f,참치비빔밥롤,밥,mapped,rice,17,legacy_strings,0,17,6,0,false,needs_structural_normalization,missing_or_invalid_difficulty|missing_servings|missing_total_time|source_ledger_missing|beginner_review_missing|legacy_ingredient_strings_need_editor_parse|step_v2_fields_missing
7cdb7074-8b7d-42f1-aed1-30008eefb39e,스테이크카나페,반찬,mapped,side,13,legacy_strings,0,13,6,0,false,needs_structural_normalization,missing_or_invalid_difficulty|missing_servings|missing_total_time|source_ledger_missing|beginner_review_missing|legacy_ingredient_strings_need_editor_parse|step_v2_fields_missing
78847e34-f630-46c6-be2d-ac0cce9e2049,연어주먹밥튀김,밥,mapped,rice,18,legacy_strings,0,18,6,0,false,needs_structural_normalization,missing_or_invalid_difficulty|missing_servings|missing_total_time|source_ledger_missing|beginner_review_missing|legacy_ingredient_strings_need_editor_parse|step_v2_fields_missing
f8708a5b-1c71-4052-9d6c-c6dc6dd3f513,오징어불고기김밥,밥,mapped,rice,14,legacy_strings,0,14,6,0,false,needs_structural_normalization,missing_or_invalid_difficulty|missing_servings|missing_total_time|source_ledger_missing|beginner_review_missing|legacy_ingredient_strings_need_editor_parse|step_v2_fields_missing
0fd6e394-0193-4497-8fdd-0ec6fa702f6a,닭가슴살청포묵비빔밥,밥,mapped,rice,13,legacy_strings,0,13,6,0,false,needs_structural_normalization,missing_or_invalid_difficulty|missing_servings|missing_total_time|source_ledger_missing|beginner_review_missing|legacy_ingredient_strings_need_editor_parse|step_v2_fields_missing
a924cc19-20dc-4e49-9a8d-2078906a31dd,족발수육,반찬,mapped,side,7,legacy_strings,0,7,6,0,false,needs_structural_normalization,missing_or_invalid_difficulty|missing_servings|missing_total_time|source_ledger_missing|beginner_review_missing|legacy_ingredient_strings_need_editor_parse|step_v2_fields_missing
641156bb-7af2-45da-b6c7-9b5df63c16f5,백일송이버섯 볶음,반찬,mapped,side,6,legacy_strings,0,6,3,0,false,needs_structural_normalization,missing_or_invalid_difficulty|missing_servings|missing_total_time|source_ledger_missing|beginner_review_missing|legacy_ingredient_strings_need_editor_parse|step_v2_fields_missing
7bf1f845-e9f0-4c07-857d-533bc713e883,함초떡갈비,반찬,mapped,side,15,legacy_strings,0,15,6,0,false,needs_structural_normalization,missing_or_invalid_difficulty|missing_servings|missing_total_time|source_ledger_missing|beginner_review_missing|legacy_ingredient_strings_need_editor_parse|step_v2_fields_missing
fd51f66e-ed91-4796-9a15-50e9f2fa0b5b,삼색소면,일품,mapped,other,11,legacy_strings,0,11,6,0,false,needs_structural_normalization,missing_or_invalid_difficulty|missing_servings|missing_total_time|source_ledger_missing|beginner_review_missing|legacy_ingredient_strings_need_editor_parse|step_v2_fields_missing
37894bfa-21e3-4365-9b23-f0ee4c92c50e,돼지수육맑은전골,국&찌개,unresolved,,18,legacy_strings,0,18,6,0,false,needs_structural_normalization,category_unresolved|missing_or_invalid_difficulty|missing_servings|missing_total_time|source_ledger_missing|beginner_review_missing|legacy_ingredient_strings_need_editor_parse|step_v2_fields_missing
a19825c0-c93a-4732-a6de-9c0936387323,채소비빔밥,밥,mapped,rice,17,legacy_strings,0,17,6,0,false,needs_structural_normalization,missing_or_invalid_difficulty|missing_servings|missing_total_time|source_ledger_missing|beginner_review_missing|legacy_ingredient_strings_need_editor_parse|step_v2_fields_missing
3cc5e8a7-519f-4458-a171-66e51c5d295e,열무김치파스타,일품,mapped,other,10,legacy_strings,0,10,6,0,false,needs_structural_normalization,missing_or_invalid_difficulty|missing_servings|missing_total_time|source_ledger_missing|beginner_review_missing|legacy_ingredient_strings_need_editor_parse|step_v2_fields_missing
a7319b88-4f21-4797-a8a7-154cea80888f,해초갈비찜,반찬,mapped,side,17,legacy_strings,0,17,6,0,false,needs_structural_normalization,missing_or_invalid_difficulty|missing_servings|missing_total_time|source_ledger_missing|beginner_review_missing|legacy_ingredient_strings_need_editor_parse|step_v2_fields_missing
b2972568-4ad4-4d41-b006-35162f38c79f,버섯곤드레밥,밥,mapped,rice,11,legacy_strings,0,11,6,0,false,needs_structural_normalization,missing_or_invalid_difficulty|missing_servings|missing_total_time|source_ledger_missing|beginner_review_missing|legacy_ingredient_strings_need_editor_parse|step_v2_fields_missing
f1b0f294-ceee-4368-b7b7-175f1250b162,바다향이 풍부한 전복죽,밥,mapped,rice,8,legacy_strings,0,8,6,0,false,needs_structural_normalization,missing_or_invalid_difficulty|missing_servings|missing_total_time|source_ledger_missing|beginner_review_missing|legacy_ingredient_strings_need_editor_parse|step_v2_fields_missing
2e2bd161-9e26-4a31-abdf-11b976aff2da,두릅 샐러드,기타,mapped,other,11,legacy_strings,0,11,3,0,false,needs_structural_normalization,missing_or_invalid_difficulty|missing_servings|missing_total_time|source_ledger_missing|beginner_review_missing|legacy_ingredient_strings_need_editor_parse|step_v2_fields_missing
87722363-8bb5-4300-aea1-f3921bd0b565,함초소고기말이,반찬,mapped,side,12,legacy_strings,0,12,6,0,false,needs_structural_normalization,missing_or_invalid_difficulty|missing_servings|missing_total_time|source_ledger_missing|beginner_review_missing|legacy_ingredient_strings_need_editor_parse|step_v2_fields_missing
2e0ba27f-37da-4091-90a1-ed6e49aeb303,묵계밥,밥,mapped,rice,13,legacy_strings,0,13,6,0,false,needs_structural_normalization,missing_or_invalid_difficulty|missing_servings|missing_total_time|source_ledger_missing|beginner_review_missing|legacy_ingredient_strings_need_editor_parse|step_v2_fields_missing
77bddf2d-096d-4baf-8bb3-394698ee9021,근채류주먹밥,밥,mapped,rice,13,legacy_strings,0,13,6,0,false,needs_structural_normalization,missing_or_invalid_difficulty|missing_servings|missing_total_time|source_ledger_missing|beginner_review_missing|legacy_ingredient_strings_need_editor_parse|step_v2_fields_missing
fbd2ed22-c180-42b3-9e41-c671720874e2,단호박약식,밥,mapped,rice,8,legacy_strings,0,8,6,0,false,needs_structural_normalization,missing_or_invalid_difficulty|missing_servings|missing_total_time|source_ledger_missing|beginner_review_missing|legacy_ingredient_strings_need_editor_parse|step_v2_fields_missing
2983c71d-ed7e-4095-8cef-b62fab16ba85,닭고기채소스파게티,일품,mapped,other,17,legacy_strings,0,17,6,0,false,needs_structural_normalization,missing_or_invalid_difficulty|missing_servings|missing_total_time|source_ledger_missing|beginner_review_missing|legacy_ingredient_strings_need_editor_parse|step_v2_fields_missing
82c8a6a6-fca5-41bc-908e-a89914ee1414,달콤스테이크,반찬,mapped,side,12,legacy_strings,0,12,6,0,false,needs_structural_normalization,missing_or_invalid_difficulty|missing_servings|missing_total_time|source_ledger_missing|beginner_review_missing|legacy_ingredient_strings_need_editor_parse|step_v2_fields_missing
430dde09-0b25-42dc-9254-fca606a9b064,삼색샌드위치,일품,mapped,other,11,legacy_strings,0,11,6,0,false,needs_structural_normalization,missing_or_invalid_difficulty|missing_servings|missing_total_time|source_ledger_missing|beginner_review_missing|legacy_ingredient_strings_need_editor_parse|step_v2_fields_missing
c880e07a-7c2b-4314-b8e1-5156ec8a4b25,황태탕수육,반찬,mapped,side,17,legacy_strings,0,17,6,0,false,needs_structural_normalization,missing_or_invalid_difficulty|missing_servings|missing_total_time|source_ledger_missing|beginner_review_missing|legacy_ingredient_strings_need_editor_parse|step_v2_fields_missing
84793ac8-e7da-47b3-bb72-6d93d89c0217,밥핫도그,밥,mapped,rice,11,legacy_strings,0,11,6,0,false,needs_structural_normalization,missing_or_invalid_difficulty|missing_servings|missing_total_time|source_ledger_missing|beginner_review_missing|legacy_ingredient_strings_need_editor_parse|step_v2_fields_missing
755f6e6c-3e13-4de2-8904-458f780484a8,꽃밥,밥,mapped,rice,19,legacy_strings,0,19,6,0,false,needs_structural_normalization,missing_or_invalid_difficulty|missing_servings|missing_total_time|source_ledger_missing|beginner_review_missing|legacy_ingredient_strings_need_editor_parse|step_v2_fields_missing
cebfccc3-de58-407c-8bd5-4c0af197aaa4,버섯만두찜,반찬,mapped,side,16,legacy_strings,0,16,6,0,false,needs_structural_normalization,missing_or_invalid_difficulty|missing_servings|missing_total_time|source_ledger_missing|beginner_review_missing|legacy_ingredient_strings_need_editor_parse|step_v2_fields_missing
bd866b6d-726d-47da-b3ed-53b2f57508db,떡갈비주먹밥,밥,mapped,rice,17,legacy_strings,0,17,6,0,false,needs_structural_normalization,missing_or_invalid_difficulty|missing_servings|missing_total_time|source_ledger_missing|beginner_review_missing|legacy_ingredient_strings_need_editor_parse|step_v2_fields_missing
eca0a475-5614-4ff0-8258-c4f48d789b05,홍합죽,밥,mapped,rice,8,legacy_strings,0,8,6,0,false,needs_structural_normalization,missing_or_invalid_difficulty|missing_servings|missing_total_time|source_ledger_missing|beginner_review_missing|legacy_ingredient_strings_need_editor_parse|step_v2_fields_missing
1aae62a9-f2d3-4bc7-97f7-defac5d34d76,샐러드돈가스,반찬,mapped,side,16,legacy_strings,0,16,6,0,false,needs_structural_normalization,missing_or_invalid_difficulty|missing_servings|missing_total_time|source_ledger_missing|beginner_review_missing|legacy_ingredient_strings_need_editor_parse|step_v2_fields_missing
82061990-6de2-4079-b51c-037ed8e6dcc7,조개크림파스타,일품,mapped,other,15,legacy_strings,0,15,6,0,false,needs_structural_normalization,missing_or_invalid_difficulty|missing_servings|missing_total_time|source_ledger_missing|beginner_review_missing|legacy_ingredient_strings_need_editor_parse|step_v2_fields_missing
3a28497e-bfa0-4256-8cd1-38f356435bf2,닭날개튀김,반찬,mapped,side,12,legacy_strings,0,12,6,0,false,needs_structural_normalization,missing_or_invalid_difficulty|missing_servings|missing_total_time|source_ledger_missing|beginner_review_missing|legacy_ingredient_strings_need_editor_parse|step_v2_fields_missing
49606269-fc0a-42de-8177-4a8ca096a72c,떡완자조림,반찬,mapped,side,16,legacy_strings,0,16,6,0,false,needs_structural_normalization,missing_or_invalid_difficulty|missing_servings|missing_total_time|source_ledger_missing|beginner_review_missing|legacy_ingredient_strings_need_editor_parse|step_v2_fields_missing
ed2c8a35-b044-4560-af86-f0083d8ac8e2,계만두,반찬,mapped,side,18,legacy_strings,0,18,6,0,false,needs_structural_normalization,missing_or_invalid_difficulty|missing_servings|missing_total_time|source_ledger_missing|beginner_review_missing|legacy_ingredient_strings_need_editor_parse|step_v2_fields_missing
3239ab1a-2f1c-453f-8b23-d8d948a6ad97,삼계선,반찬,mapped,side,8,legacy_strings,0,8,6,0,false,needs_structural_normalization,missing_or_invalid_difficulty|missing_servings|missing_total_time|source_ledger_missing|beginner_review_missing|legacy_ingredient_strings_need_editor_parse|step_v2_fields_missing
289d4a85-600e-4d92-ad8a-251e7354d439,쇠고기표고찜,반찬,mapped,side,15,legacy_strings,0,15,6,0,false,needs_structural_normalization,missing_or_invalid_difficulty|missing_servings|missing_total_time|source_ledger_missing|beginner_review_missing|legacy_ingredient_strings_need_editor_parse|step_v2_fields_missing
1a313dfd-f858-47c1-afea-82378c005822,떡갈비찜,반찬,mapped,side,13,legacy_strings,0,13,6,0,false,needs_structural_normalization,missing_or_invalid_difficulty|missing_servings|missing_total_time|source_ledger_missing|beginner_review_missing|legacy_ingredient_strings_need_editor_parse|step_v2_fields_missing
b599b91a-09da-4064-aac7-ee43a1594d1f,토마토오리볶음,반찬,mapped,side,16,legacy_strings,0,16,6,0,false,needs_structural_normalization,missing_or_invalid_difficulty|missing_servings|missing_total_time|source_ledger_missing|beginner_review_missing|legacy_ingredient_strings_need_editor_parse|step_v2_fields_missing
53acc616-4789-4521-bc19-dda3b701e7ac,해산물두부샌드,반찬,mapped,side,9,legacy_strings,0,9,6,0,false,needs_structural_normalization,missing_or_invalid_difficulty|missing_servings|missing_total_time|source_ledger_missing|beginner_review_missing|legacy_ingredient_strings_need_editor_parse|step_v2_fields_missing
88df71ca-b1de-49f1-a115-d89a537e0c0a,단호박제육볶음,반찬,mapped,side,15,legacy_strings,0,15,6,0,false,needs_structural_normalization,missing_or_invalid_difficulty|missing_servings|missing_total_time|source_ledger_missing|beginner_review_missing|legacy_ingredient_strings_need_editor_parse|step_v2_fields_missing
5f71fa35-5651-4b5e-ac03-bfd30eb11e6a,버섯콩불고기,반찬,mapped,side,22,legacy_strings,0,22,6,0,false,needs_structural_normalization,missing_or_invalid_difficulty|missing_servings|missing_total_time|source_ledger_missing|beginner_review_missing|legacy_ingredient_strings_need_editor_parse|step_v2_fields_missing
54276bd8-336a-4bb8-b712-2585bddf8d27,구운 바나나,후식,mapped,dessert,4,legacy_strings,0,4,3,0,false,needs_structural_normalization,missing_or_invalid_difficulty|missing_servings|missing_total_time|source_ledger_missing|beginner_review_missing|legacy_ingredient_strings_need_editor_parse|step_v2_fields_missing
cfb4d078-bc14-4273-b1f1-1339bb2574f0,차돌박이볶음,반찬,mapped,side,17,legacy_strings,0,17,6,0,false,needs_structural_normalization,missing_or_invalid_difficulty|missing_servings|missing_total_time|source_ledger_missing|beginner_review_missing|legacy_ingredient_strings_need_editor_parse|step_v2_fields_missing
ca80a54c-c962-493a-909c-6109332ffbc3,토마토두루치기,반찬,mapped,side,19,legacy_strings,0,19,6,0,false,needs_structural_normalization,missing_or_invalid_difficulty|missing_servings|missing_total_time|source_ledger_missing|beginner_review_missing|legacy_ingredient_strings_need_editor_parse|step_v2_fields_missing
8b45403c-8557-4189-b255-b6ad830c36d4,검은콩피시볼조림,반찬,mapped,side,14,legacy_strings,0,14,5,0,false,needs_structural_normalization,missing_or_invalid_difficulty|missing_servings|missing_total_time|source_ledger_missing|beginner_review_missing|legacy_ingredient_strings_need_editor_parse|step_v2_fields_missing
bd39b709-e298-46ba-b205-6e049b59be65,대하조림,반찬,mapped,side,10,legacy_strings,0,10,6,0,false,needs_structural_normalization,missing_or_invalid_difficulty|missing_servings|missing_total_time|source_ledger_missing|beginner_review_missing|legacy_ingredient_strings_need_editor_parse|step_v2_fields_missing
51be8649-3ead-484c-966f-a40a15c4ad11,묵은지가지말이,반찬,mapped,side,17,legacy_strings,0,17,6,0,false,needs_structural_normalization,missing_or_invalid_difficulty|missing_servings|missing_total_time|source_ledger_missing|beginner_review_missing|legacy_ingredient_strings_need_editor_parse|step_v2_fields_missing
c5e7b668-1507-4f0e-8cf4-3bd1bced0e66,함초타락죽,밥,mapped,rice,6,legacy_strings,0,6,6,0,false,needs_structural_normalization,missing_or_invalid_difficulty|missing_servings|missing_total_time|source_ledger_missing|beginner_review_missing|legacy_ingredient_strings_need_editor_parse|step_v2_fields_missing
d87ac33a-3767-45fe-878c-c6bf83b358cd,황태두부무국,국&찌개,unresolved,,10,legacy_strings,0,10,6,0,false,needs_structural_normalization,category_unresolved|missing_or_invalid_difficulty|missing_servings|missing_total_time|source_ledger_missing|beginner_review_missing|legacy_ingredient_strings_need_editor_parse|step_v2_fields_missing
fa688a3c-f757-400f-b3c0-5f2b473f8aac,삼합잡채,반찬,mapped,side,14,legacy_strings,0,14,5,0,false,needs_structural_normalization,missing_or_invalid_difficulty|missing_servings|missing_total_time|source_ledger_missing|beginner_review_missing|legacy_ingredient_strings_need_editor_parse|step_v2_fields_missing
d4300db6-d740-47cc-9e43-343503ba4c41,과일무스 테린,후식,mapped,dessert,7,legacy_strings,0,7,3,0,false,needs_structural_normalization,missing_or_invalid_difficulty|missing_servings|missing_total_time|source_ledger_missing|beginner_review_missing|legacy_ingredient_strings_need_editor_parse|step_v2_fields_missing
ad4839d1-807d-4ed0-9a3d-934b94bd0238,고등어카레탕수,반찬,mapped,side,11,legacy_strings,0,11,6,0,false,needs_structural_normalization,missing_or_invalid_difficulty|missing_servings|missing_total_time|source_ledger_missing|beginner_review_missing|legacy_ingredient_strings_need_editor_parse|step_v2_fields_missing
edb65eab-7266-4601-a173-6e400d504433,효도강정,후식,mapped,dessert,8,legacy_strings,0,8,6,0,false,needs_structural_normalization,missing_or_invalid_difficulty|missing_servings|missing_total_time|source_ledger_missing|beginner_review_missing|legacy_ingredient_strings_need_editor_parse|step_v2_fields_missing
2024763b-71ca-494f-8f20-a69fb24cb9e5,비트양파김치,반찬,mapped,side,8,legacy_strings,0,8,5,0,false,needs_structural_normalization,missing_or_invalid_difficulty|missing_servings|missing_total_time|source_ledger_missing|beginner_review_missing|legacy_ingredient_strings_need_editor_parse|step_v2_fields_missing
4fc959bf-c7ed-45ee-9334-9853535ccfb7,관자브로콜리스프,일품,mapped,other,11,legacy_strings,0,11,6,0,false,needs_structural_normalization,missing_or_invalid_difficulty|missing_servings|missing_total_time|source_ledger_missing|beginner_review_missing|legacy_ingredient_strings_need_editor_parse|step_v2_fields_missing
33d0ef4a-a2e2-4a6a-a14d-f16c7f1efa4f,두부까나페,반찬,mapped,side,13,legacy_strings,0,13,6,0,false,needs_structural_normalization,missing_or_invalid_difficulty|missing_servings|missing_total_time|source_ledger_missing|beginner_review_missing|legacy_ingredient_strings_need_editor_parse|step_v2_fields_missing
11182418-1b53-4943-8fb1-f1a9a03b7cb3,두부청국장죽,밥,mapped,rice,14,legacy_strings,0,14,6,0,false,needs_structural_normalization,missing_or_invalid_difficulty|missing_servings|missing_total_time|source_ledger_missing|beginner_review_missing|legacy_ingredient_strings_need_editor_parse|step_v2_fields_missing
795f8bd4-828c-497b-ad02-3ce2a34c49cc,곤약잡채,반찬,mapped,side,18,legacy_strings,0,18,6,0,false,needs_structural_normalization,missing_or_invalid_difficulty|missing_servings|missing_total_time|source_ledger_missing|beginner_review_missing|legacy_ingredient_strings_need_editor_parse|step_v2_fields_missing
0b74cb73-17e4-4d32-86dd-6583a9ca7fec,미역 닭가슴살전,반찬,mapped,side,12,legacy_strings,0,12,6,0,false,needs_structural_normalization,missing_or_invalid_difficulty|missing_servings|missing_total_time|source_ledger_missing|beginner_review_missing|legacy_ingredient_strings_need_editor_parse|step_v2_fields_missing
3a953dde-a316-4385-ada2-2e19570e485a,두가지묵샐러드,반찬,mapped,side,11,legacy_strings,0,11,5,0,false,needs_structural_normalization,missing_or_invalid_difficulty|missing_servings|missing_total_time|source_ledger_missing|beginner_review_missing|legacy_ingredient_strings_need_editor_parse|step_v2_fields_missing
d34ac3ce-2e7f-4dae-9b69-2d94f40ad6f5,블루베리양갱,후식,mapped,dessert,5,legacy_strings,0,5,6,0,false,needs_structural_normalization,missing_or_invalid_difficulty|missing_servings|missing_total_time|source_ledger_missing|beginner_review_missing|legacy_ingredient_strings_need_editor_parse|step_v2_fields_missing
8cc447cf-8d38-41bb-9421-2e47ddbef127,장어찜,반찬,mapped,side,11,legacy_strings,0,11,6,0,false,needs_structural_normalization,missing_or_invalid_difficulty|missing_servings|missing_total_time|source_ledger_missing|beginner_review_missing|legacy_ingredient_strings_need_editor_parse|step_v2_fields_missing
4a920968-9ab7-450e-80e1-08c7c0a1e210,망고샐러드,반찬,mapped,side,15,legacy_strings,0,15,4,0,false,needs_structural_normalization,missing_or_invalid_difficulty|missing_servings|missing_total_time|source_ledger_missing|beginner_review_missing|legacy_ingredient_strings_need_editor_parse|step_v2_fields_missing
01266f2e-fa64-4e5e-b12c-20643e9a07de,토마토젤리,후식,mapped,dessert,6,legacy_strings,0,6,6,0,false,needs_structural_normalization,missing_or_invalid_difficulty|missing_servings|missing_total_time|source_ledger_missing|beginner_review_missing|legacy_ingredient_strings_need_editor_parse|step_v2_fields_missing
7bafa889-0602-4ad7-9ef3-be57de0c2c4a,샌드스테이크,반찬,mapped,side,15,legacy_strings,0,15,6,0,false,needs_structural_normalization,missing_or_invalid_difficulty|missing_servings|missing_total_time|source_ledger_missing|beginner_review_missing|legacy_ingredient_strings_need_editor_parse|step_v2_fields_missing
13cc74a8-cd85-4b2e-bed1-a761cc8f7fb6,소고기볼게살타르,반찬,mapped,side,17,legacy_strings,0,17,6,0,false,needs_structural_normalization,missing_or_invalid_difficulty|missing_servings|missing_total_time|source_ledger_missing|beginner_review_missing|legacy_ingredient_strings_need_editor_parse|step_v2_fields_missing
f7bfbe3b-82b8-4a29-886d-b9437294ad2e,겨자 오이고추소박이,반찬,mapped,side,8,legacy_strings,0,8,3,0,false,needs_structural_normalization,missing_or_invalid_difficulty|missing_servings|missing_total_time|source_ledger_missing|beginner_review_missing|legacy_ingredient_strings_need_editor_parse|step_v2_fields_missing
e6ce2c16-e7bb-4d99-9901-43a1ad0c1b1a,맥적구이,반찬,mapped,side,20,legacy_strings,0,20,6,0,false,needs_structural_normalization,missing_or_invalid_difficulty|missing_servings|missing_total_time|source_ledger_missing|beginner_review_missing|legacy_ingredient_strings_need_editor_parse|step_v2_fields_missing
735a475d-5780-4fe8-9353-996f8275ee4b,채소어묵,반찬,mapped,side,12,legacy_strings,0,12,6,0,false,needs_structural_normalization,missing_or_invalid_difficulty|missing_servings|missing_total_time|source_ledger_missing|beginner_review_missing|legacy_ingredient_strings_need_editor_parse|step_v2_fields_missing
96b85f5a-47d5-49c4-b5b5-b5f9f05a18f0,주꾸미보리죽,밥,mapped,rice,11,legacy_strings,0,11,6,0,false,needs_structural_normalization,missing_or_invalid_difficulty|missing_servings|missing_total_time|source_ledger_missing|beginner_review_missing|legacy_ingredient_strings_need_editor_parse|step_v2_fields_missing
a192afef-fee4-4b57-a63e-44726349c4c0,오렌지삼겹찜,반찬,mapped,side,13,legacy_strings,0,13,6,0,false,needs_structural_normalization,missing_or_invalid_difficulty|missing_servings|missing_total_time|source_ledger_missing|beginner_review_missing|legacy_ingredient_strings_need_editor_parse|step_v2_fields_missing
471ddc8f-accf-4c80-9fa7-df899e196664,수삼떡갈비,반찬,mapped,side,16,legacy_strings,0,16,6,0,false,needs_structural_normalization,missing_or_invalid_difficulty|missing_servings|missing_total_time|source_ledger_missing|beginner_review_missing|legacy_ingredient_strings_need_editor_parse|step_v2_fields_missing
9787998a-17c9-45b1-ac69-d89a7f78363f,삼색딤섬,반찬,mapped,side,16,legacy_strings,0,16,6,0,false,needs_structural_normalization,missing_or_invalid_difficulty|missing_servings|missing_total_time|source_ledger_missing|beginner_review_missing|legacy_ingredient_strings_need_editor_parse|step_v2_fields_missing
e084ee79-5c05-40ff-a7c0-76cdbc9c09d5,밥크로켓,밥,mapped,rice,14,legacy_strings,0,14,6,0,false,needs_structural_normalization,missing_or_invalid_difficulty|missing_servings|missing_total_time|source_ledger_missing|beginner_review_missing|legacy_ingredient_strings_need_editor_parse|step_v2_fields_missing
e3b9916b-a4a2-473b-afa8-1fbbc1b81e52,가지토마토구이,반찬,mapped,side,8,legacy_strings,0,8,6,0,false,needs_structural_normalization,missing_or_invalid_difficulty|missing_servings|missing_total_time|source_ledger_missing|beginner_review_missing|legacy_ingredient_strings_need_editor_parse|step_v2_fields_missing
89ef9511-c8d0-43f3-a88c-f8aa0db89fee,실치오이 초절임,반찬,mapped,side,5,legacy_strings,0,5,3,0,false,needs_structural_normalization,missing_or_invalid_difficulty|missing_servings|missing_total_time|source_ledger_missing|beginner_review_missing|legacy_ingredient_strings_need_editor_parse|step_v2_fields_missing
12852631-2f08-44cc-9b2a-e30b07f7b6aa,냉파스타,일품,mapped,other,11,legacy_strings,0,11,6,0,false,needs_structural_normalization,missing_or_invalid_difficulty|missing_servings|missing_total_time|source_ledger_missing|beginner_review_missing|legacy_ingredient_strings_need_editor_parse|step_v2_fields_missing
de54bd22-738b-4f00-958b-d0d430b45a5c,과일겉절이,반찬,mapped,side,12,legacy_strings,0,12,6,0,false,needs_structural_normalization,missing_or_invalid_difficulty|missing_servings|missing_total_time|source_ledger_missing|beginner_review_missing|legacy_ingredient_strings_need_editor_parse|step_v2_fields_missing
45ec2a62-279a-4991-a6c6-a09b28fcdc31,버섯탕수,반찬,mapped,side,17,legacy_strings,0,17,6,0,false,needs_structural_normalization,missing_or_invalid_difficulty|missing_servings|missing_total_time|source_ledger_missing|beginner_review_missing|legacy_ingredient_strings_need_editor_parse|step_v2_fields_missing
4a7185b3-47ae-45fb-9df6-285543369e65,아보카도 연어샐러드,반찬,mapped,side,9,legacy_strings,0,9,6,0,false,needs_structural_normalization,missing_or_invalid_difficulty|missing_servings|missing_total_time|source_ledger_missing|beginner_review_missing|legacy_ingredient_strings_need_editor_parse|step_v2_fields_missing
bd7cc071-214c-4640-b0d0-f9a98984c1f5,오렌지마리네이드 돼지고기,일품,mapped,other,16,legacy_strings,0,16,6,0,false,needs_structural_normalization,missing_or_invalid_difficulty|missing_servings|missing_total_time|source_ledger_missing|beginner_review_missing|legacy_ingredient_strings_need_editor_parse|step_v2_fields_missing
71e4a6e4-5b21-4730-85a9-165bff36c517,인삼갈비탕,국&찌개,unresolved,,12,legacy_strings,0,12,6,0,false,needs_structural_normalization,category_unresolved|missing_or_invalid_difficulty|missing_servings|missing_total_time|source_ledger_missing|beginner_review_missing|legacy_ingredient_strings_need_editor_parse|step_v2_fields_missing
0bb12b4d-6af8-4f7f-8b1e-3b760e7e08bc,체리젤리를 곁들인 고구마무스,후식,mapped,dessert,12,legacy_strings,0,12,6,0,false,needs_structural_normalization,missing_or_invalid_difficulty|missing_servings|missing_total_time|source_ledger_missing|beginner_review_missing|legacy_ingredient_strings_need_editor_parse|step_v2_fields_missing
d5723336-32c9-4ce7-bf48-15a4fbe208ee,카레닭 룰라이드,일품,mapped,other,12,legacy_strings,0,12,6,0,false,needs_structural_normalization,missing_or_invalid_difficulty|missing_servings|missing_total_time|source_ledger_missing|beginner_review_missing|legacy_ingredient_strings_need_editor_parse|step_v2_fields_missing
83915f05-8ff1-44ab-a697-4db1fe8274a8,감닭떡갈비,반찬,mapped,side,10,legacy_strings,0,10,6,0,false,needs_structural_normalization,missing_or_invalid_difficulty|missing_servings|missing_total_time|source_ledger_missing|beginner_review_missing|legacy_ingredient_strings_need_editor_parse|step_v2_fields_missing
0e1abff7-7b7f-4929-b17a-964f927acfab,세 가지곡물콩라미수,후식,mapped,dessert,10,legacy_strings,0,10,6,0,false,needs_structural_normalization,missing_or_invalid_difficulty|missing_servings|missing_total_time|source_ledger_missing|beginner_review_missing|legacy_ingredient_strings_need_editor_parse|step_v2_fields_missing
21d2d9b4-8dbb-4c4a-85a2-43512079bcb1,크림치즈 망고무스,후식,mapped,dessert,11,legacy_strings,0,11,6,0,false,needs_structural_normalization,missing_or_invalid_difficulty|missing_servings|missing_total_time|source_ledger_missing|beginner_review_missing|legacy_ingredient_strings_need_editor_parse|step_v2_fields_missing
6078cdc8-246d-47dc-8d27-43a0b3d1df49,토마토주스를곁들인컵토마토,반찬,mapped,side,6,legacy_strings,0,6,6,0,false,needs_structural_normalization,missing_or_invalid_difficulty|missing_servings|missing_total_time|source_ledger_missing|beginner_review_missing|legacy_ingredient_strings_need_editor_parse|step_v2_fields_missing
0e51d136-be0d-4aab-a1f3-cc8acbd2932b,해산물 훈제연어롤,반찬,mapped,side,15,legacy_strings,0,15,6,0,false,needs_structural_normalization,missing_or_invalid_difficulty|missing_servings|missing_total_time|source_ledger_missing|beginner_review_missing|legacy_ingredient_strings_need_editor_parse|step_v2_fields_missing
7aeda3ae-2ec8-4a5a-84ec-3dadece4ac73,인절미 무스와 수정과 아이스크림,후식,mapped,dessert,9,legacy_strings,0,9,6,0,false,needs_structural_normalization,missing_or_invalid_difficulty|missing_servings|missing_total_time|source_ledger_missing|beginner_review_missing|legacy_ingredient_strings_need_editor_parse|step_v2_fields_missing
a7583358-a311-47ca-81df-bb3b63c88a22,겨자아욱쌈밥,밥,mapped,rice,11,legacy_strings,0,11,6,0,false,needs_structural_normalization,missing_or_invalid_difficulty|missing_servings|missing_total_time|source_ledger_missing|beginner_review_missing|legacy_ingredient_strings_need_editor_parse|step_v2_fields_missing
e1479bb2-52a7-423c-96bd-e6eb0fca185a,다마고도후,반찬,mapped,side,7,legacy_strings,0,7,6,0,false,needs_structural_normalization,missing_or_invalid_difficulty|missing_servings|missing_total_time|source_ledger_missing|beginner_review_missing|legacy_ingredient_strings_need_editor_parse|step_v2_fields_missing
f4d7bb1a-0a49-4871-8edc-d12d1fe4148a,단호박생채,반찬,mapped,side,12,legacy_strings,0,12,6,0,false,needs_structural_normalization,missing_or_invalid_difficulty|missing_servings|missing_total_time|source_ledger_missing|beginner_review_missing|legacy_ingredient_strings_need_editor_parse|step_v2_fields_missing
dabca807-69ac-48fd-9867-669dd27a7d7b,닭가슴살 스테이크,일품,mapped,other,10,legacy_strings,0,10,6,0,false,needs_structural_normalization,missing_or_invalid_difficulty|missing_servings|missing_total_time|source_ledger_missing|beginner_review_missing|legacy_ingredient_strings_need_editor_parse|step_v2_fields_missing
2adedb66-a951-4220-ab21-1f9cde8a0a28,마늘드레싱을 곁들인 키위샐러드,반찬,mapped,side,11,legacy_strings,0,11,3,0,false,needs_structural_normalization,missing_or_invalid_difficulty|missing_servings|missing_total_time|source_ledger_missing|beginner_review_missing|legacy_ingredient_strings_need_editor_parse|step_v2_fields_missing
4e4fb2d2-12ec-45fc-aa9f-790dbf810310,깻잎향을 입힌 관자 샐러드,반찬,mapped,side,8,legacy_strings,0,8,6,0,false,needs_structural_normalization,missing_or_invalid_difficulty|missing_servings|missing_total_time|source_ledger_missing|beginner_review_missing|legacy_ingredient_strings_need_editor_parse|step_v2_fields_missing
b4436aa1-25c9-44ae-ba14-4ff5865ad271,건강그린 샐러드와 고소한 두유드레싱,반찬,mapped,side,12,legacy_strings,0,12,3,0,false,needs_structural_normalization,missing_or_invalid_difficulty|missing_servings|missing_total_time|source_ledger_missing|beginner_review_missing|legacy_ingredient_strings_need_editor_parse|step_v2_fields_missing
406c6d54-aa79-41c8-8710-2a79125ea281,케일 오미자 샐러드,반찬,mapped,side,10,legacy_strings,0,10,4,0,false,needs_structural_normalization,missing_or_invalid_difficulty|missing_servings|missing_total_time|source_ledger_missing|beginner_review_missing|legacy_ingredient_strings_need_editor_parse|step_v2_fields_missing
31b112ff-3248-439d-b2ce-162ee9443b41,꼬막 달래 된장 무침,반찬,mapped,side,11,legacy_strings,0,11,3,0,false,needs_structural_normalization,missing_or_invalid_difficulty|missing_servings|missing_total_time|source_ledger_missing|beginner_review_missing|legacy_ingredient_strings_need_editor_parse|step_v2_fields_missing
dc55c03c-e6ab-4806-9711-d47c0fdd6e11,베이컨 가지 말이,반찬,mapped,side,18,legacy_strings,0,18,3,0,false,needs_structural_normalization,missing_or_invalid_difficulty|missing_servings|missing_total_time|source_ledger_missing|beginner_review_missing|legacy_ingredient_strings_need_editor_parse|step_v2_fields_missing
a8a362e8-ae23-43e5-b160-be98021886b1,청국장소스 연어 스테이크,일품,mapped,other,8,legacy_strings,0,8,3,0,false,needs_structural_normalization,missing_or_invalid_difficulty|missing_servings|missing_total_time|source_ledger_missing|beginner_review_missing|legacy_ingredient_strings_need_editor_parse|step_v2_fields_missing
e45c222b-44ab-41d6-94e0-d680229d264b,두부곤약조림,반찬,mapped,side,11,legacy_strings,0,11,5,0,false,needs_structural_normalization,missing_or_invalid_difficulty|missing_servings|missing_total_time|source_ledger_missing|beginner_review_missing|legacy_ingredient_strings_need_editor_parse|step_v2_fields_missing
514d6bfd-2e46-4a45-a5ae-2666dd8e0a6a,아귀나가사키조림,반찬,mapped,side,18,legacy_strings,0,18,5,0,false,needs_structural_normalization,missing_or_invalid_difficulty|missing_servings|missing_total_time|source_ledger_missing|beginner_review_missing|legacy_ingredient_strings_need_editor_parse|step_v2_fields_missing
6398978e-92f0-46c3-954f-228ec10d1894,카레가자미조림,반찬,mapped,side,18,legacy_strings,0,18,6,0,false,needs_structural_normalization,missing_or_invalid_difficulty|missing_servings|missing_total_time|source_ledger_missing|beginner_review_missing|legacy_ingredient_strings_need_editor_parse|step_v2_fields_missing
909f23ad-6aec-4059-bcad-e3c0ca89bb46,타콤소스닭조림,반찬,mapped,side,20,legacy_strings,0,20,6,0,false,needs_structural_normalization,missing_or_invalid_difficulty|missing_servings|missing_total_time|source_ledger_missing|beginner_review_missing|legacy_ingredient_strings_need_editor_parse|step_v2_fields_missing
4e6748ec-7f73-42ba-af77-88e133fb91e7,토마토콩조림,반찬,mapped,side,8,legacy_strings,0,8,5,0,false,needs_structural_normalization,missing_or_invalid_difficulty|missing_servings|missing_total_time|source_ledger_missing|beginner_review_missing|legacy_ingredient_strings_need_editor_parse|step_v2_fields_missing
2b2be0c4-9a44-4b65-a70c-f12f0965f37b,관자해장국,국&찌개,unresolved,,16,legacy_strings,0,16,6,0,false,needs_structural_normalization,category_unresolved|missing_or_invalid_difficulty|missing_servings|missing_total_time|source_ledger_missing|beginner_review_missing|legacy_ingredient_strings_need_editor_parse|step_v2_fields_missing
054a3dcd-b6ac-405a-a262-734c75fa90e5,견과류들깨해장탕,국&찌개,unresolved,,11,legacy_strings,0,11,4,0,false,needs_structural_normalization,category_unresolved|missing_or_invalid_difficulty|missing_servings|missing_total_time|source_ledger_missing|beginner_review_missing|legacy_ingredient_strings_need_editor_parse|step_v2_fields_missing
b46d259f-7b53-49a4-bf88-310e18657e15,뿌리채소들깨수제비,국&찌개,unresolved,,11,legacy_strings,0,11,6,0,false,needs_structural_normalization,category_unresolved|missing_or_invalid_difficulty|missing_servings|missing_total_time|source_ledger_missing|beginner_review_missing|legacy_ingredient_strings_need_editor_parse|step_v2_fields_missing
3283fb17-bedf-4e28-b5bf-81ca66cfa195,대구지리탕,국&찌개,unresolved,,14,legacy_strings,0,14,6,0,false,needs_structural_normalization,category_unresolved|missing_or_invalid_difficulty|missing_servings|missing_total_time|source_ledger_missing|beginner_review_missing|legacy_ingredient_strings_need_editor_parse|step_v2_fields_missing
1d8059aa-d7af-46f4-a87c-61b20826bf37,양지해장국,국&찌개,unresolved,,10,legacy_strings,0,10,6,0,false,needs_structural_normalization,category_unresolved|missing_or_invalid_difficulty|missing_servings|missing_total_time|source_ledger_missing|beginner_review_missing|legacy_ingredient_strings_need_editor_parse|step_v2_fields_missing
36e82528-7acb-446c-beb9-2005d45d77f7,토마토돼지고기해장국,국&찌개,unresolved,,15,legacy_strings,0,15,6,0,false,needs_structural_normalization,category_unresolved|missing_or_invalid_difficulty|missing_servings|missing_total_time|source_ledger_missing|beginner_review_missing|legacy_ingredient_strings_need_editor_parse|step_v2_fields_missing
b0a54125-f35c-4d8f-9816-7ea539e73d3e,효종갱,국&찌개,unresolved,,11,legacy_strings,0,11,6,0,false,needs_structural_normalization,category_unresolved|missing_or_invalid_difficulty|missing_servings|missing_total_time|source_ledger_missing|beginner_review_missing|legacy_ingredient_strings_need_editor_parse|step_v2_fields_missing
41f87310-97f1-4fc9-9a37-8c8d9e537df6,해물토마토김치찌개,국&찌개,unresolved,,18,legacy_strings,0,18,5,0,false,needs_structural_normalization,category_unresolved|missing_or_invalid_difficulty|missing_servings|missing_total_time|source_ledger_missing|beginner_review_missing|legacy_ingredient_strings_need_editor_parse|step_v2_fields_missing
4922ea24-d1bc-4c27-bf17-da70a6ce1efa,땅콩소스 버섯가지나물,반찬,mapped,side,7,legacy_strings,0,7,5,0,false,needs_structural_normalization,missing_or_invalid_difficulty|missing_servings|missing_total_time|source_ledger_missing|beginner_review_missing|legacy_ingredient_strings_need_editor_parse|step_v2_fields_missing
caa75766-613c-489d-a1eb-c5110fdf5a7e,유자향의 곤약 냉채,반찬,mapped,side,12,legacy_strings,0,12,3,0,false,needs_structural_normalization,missing_or_invalid_difficulty|missing_servings|missing_total_time|source_ledger_missing|beginner_review_missing|legacy_ingredient_strings_need_editor_parse|step_v2_fields_missing
4fce8de0-23d2-421a-b272-55cf3a0f4d6a,새우단배추된장국,국&찌개,unresolved,,14,legacy_strings,0,14,6,0,false,needs_structural_normalization,category_unresolved|missing_or_invalid_difficulty|missing_servings|missing_total_time|source_ledger_missing|beginner_review_missing|legacy_ingredient_strings_need_editor_parse|step_v2_fields_missing
3bef9ed9-4cd6-4f04-ae20-2a2a2ec07efb,검은콩보리된장찌개,국&찌개,unresolved,,13,legacy_strings,0,13,6,0,false,needs_structural_normalization,category_unresolved|missing_or_invalid_difficulty|missing_servings|missing_total_time|source_ledger_missing|beginner_review_missing|legacy_ingredient_strings_need_editor_parse|step_v2_fields_missing
23a154bb-5c85-4bef-ba0b-446ae3989ef2,단호박배추된장국,국&찌개,unresolved,,8,legacy_strings,0,8,6,0,false,needs_structural_normalization,category_unresolved|missing_or_invalid_difficulty|missing_servings|missing_total_time|source_ledger_missing|beginner_review_missing|legacy_ingredient_strings_need_editor_parse|step_v2_fields_missing
997d4818-ed3b-4684-b00f-76987d524c1a,된장냉국,국&찌개,unresolved,,16,legacy_strings,0,16,5,0,false,needs_structural_normalization,category_unresolved|missing_or_invalid_difficulty|missing_servings|missing_total_time|source_ledger_missing|beginner_review_missing|legacy_ingredient_strings_need_editor_parse|step_v2_fields_missing
7c231c56-8846-4f69-b43e-d28edd752e4a,들깨된장육개장,국&찌개,unresolved,,17,legacy_strings,0,17,5,0,false,needs_structural_normalization,category_unresolved|missing_or_invalid_difficulty|missing_servings|missing_total_time|source_ledger_missing|beginner_review_missing|legacy_ingredient_strings_need_editor_parse|step_v2_fields_missing
c6e5b9f3-0c3b-4aaf-abf4-f9ffe5631ba0,삼색묵냉국,국&찌개,unresolved,,28,legacy_strings,0,28,6,0,false,needs_structural_normalization,category_unresolved|missing_or_invalid_difficulty|missing_servings|missing_total_time|source_ledger_missing|beginner_review_missing|legacy_ingredient_strings_need_editor_parse|step_v2_fields_missing
02e22850-686c-4f3a-a693-5f4d62ec18f7,샤브된장국,국&찌개,unresolved,,12,legacy_strings,0,12,5,0,false,needs_structural_normalization,category_unresolved|missing_or_invalid_difficulty|missing_servings|missing_total_time|source_ledger_missing|beginner_review_missing|legacy_ingredient_strings_need_editor_parse|step_v2_fields_missing
09acb62a-bc1b-4952-9381-41f94a3ee3ef,완자된장국,국&찌개,unresolved,,17,legacy_strings,0,17,6,0,false,needs_structural_normalization,category_unresolved|missing_or_invalid_difficulty|missing_servings|missing_total_time|source_ledger_missing|beginner_review_missing|legacy_ingredient_strings_need_editor_parse|step_v2_fields_missing
2355aa20-cb3d-477d-bad8-e74b923b6f13,산나물된장찌개,국&찌개,unresolved,,19,legacy_strings,0,19,6,0,false,needs_structural_normalization,category_unresolved|missing_or_invalid_difficulty|missing_servings|missing_total_time|source_ledger_missing|beginner_review_missing|legacy_ingredient_strings_need_editor_parse|step_v2_fields_missing
09a57ada-82f0-4298-8836-80f0ec33c11a,토마토요구르트된장국,국&찌개,unresolved,,17,legacy_strings,0,17,6,0,false,needs_structural_normalization,category_unresolved|missing_or_invalid_difficulty|missing_servings|missing_total_time|source_ledger_missing|beginner_review_missing|legacy_ingredient_strings_need_editor_parse|step_v2_fields_missing
534b9fd7-77db-42da-9b19-5b0c0ca32e3c,굴림만두된장국,국&찌개,unresolved,,19,legacy_strings,0,19,6,0,false,needs_structural_normalization,category_unresolved|missing_or_invalid_difficulty|missing_servings|missing_total_time|source_ledger_missing|beginner_review_missing|legacy_ingredient_strings_need_editor_parse|step_v2_fields_missing
03522b9d-9697-44d4-b2be-dfeada4287cf,해물순두부된장찌개,국&찌개,unresolved,,9,legacy_strings,0,9,6,0,false,needs_structural_normalization,category_unresolved|missing_or_invalid_difficulty|missing_servings|missing_total_time|source_ledger_missing|beginner_review_missing|legacy_ingredient_strings_need_editor_parse|step_v2_fields_missing
70ed37e3-0c03-4fb3-b191-5d874d2fa127,감귤 김치,반찬,mapped,side,10,legacy_strings,0,10,3,0,false,needs_structural_normalization,missing_or_invalid_difficulty|missing_servings|missing_total_time|source_ledger_missing|beginner_review_missing|legacy_ingredient_strings_need_editor_parse|step_v2_fields_missing
4c8f4572-6b62-4078-bf8c-4ee774a5e266,곤약함박스테이크,일품,mapped,other,24,legacy_strings,0,24,5,0,false,needs_structural_normalization,missing_or_invalid_difficulty|missing_servings|missing_total_time|source_ledger_missing|beginner_review_missing|legacy_ingredient_strings_need_editor_parse|step_v2_fields_missing
d1383000-ffa6-41a6-b4fe-9a630a5332fc,청국장 두부 검은깨 냉스프,일품,mapped,other,7,legacy_strings,0,7,3,0,false,needs_structural_normalization,missing_or_invalid_difficulty|missing_servings|missing_total_time|source_ledger_missing|beginner_review_missing|legacy_ingredient_strings_need_editor_parse|step_v2_fields_missing
d1d37d81-f1b5-4e9a-ae35-115df896fcf3,호박 고구마 스프,일품,mapped,other,10,legacy_strings,0,10,3,0,false,needs_structural_normalization,missing_or_invalid_difficulty|missing_servings|missing_total_time|source_ledger_missing|beginner_review_missing|legacy_ingredient_strings_need_editor_parse|step_v2_fields_missing
403d8bb3-e617-4786-8d24-8c1d812302fa,시금치 리조또,밥,mapped,rice,9,legacy_strings,0,9,3,0,false,needs_structural_normalization,missing_or_invalid_difficulty|missing_servings|missing_total_time|source_ledger_missing|beginner_review_missing|legacy_ingredient_strings_need_editor_parse|step_v2_fields_missing
062bfe65-0632-4426-8712-cc81ec3fd365,북어비빔밥,밥,mapped,rice,12,legacy_strings,0,12,3,0,false,needs_structural_normalization,missing_or_invalid_difficulty|missing_servings|missing_total_time|source_ledger_missing|beginner_review_missing|legacy_ingredient_strings_need_editor_parse|step_v2_fields_missing
d9bf4e47-efd9-4207-9cb9-02bd3401e715,무 현미밥,밥,mapped,rice,11,legacy_strings,0,11,3,0,false,needs_structural_normalization,missing_or_invalid_difficulty|missing_servings|missing_total_time|source_ledger_missing|beginner_review_missing|legacy_ingredient_strings_need_editor_parse|step_v2_fields_missing
7520855a-d3ec-4eaf-b033-76b8f40b6992,가지볶음밥,밥,mapped,rice,12,legacy_strings,0,12,5,0,false,needs_structural_normalization,missing_or_invalid_difficulty|missing_servings|missing_total_time|source_ledger_missing|beginner_review_missing|legacy_ingredient_strings_need_editor_parse|step_v2_fields_missing
76ca7085-5ffe-454b-a3d7-23eeaab1aa8b,닭고기볶음밥,밥,mapped,rice,9,legacy_strings,0,9,5,0,false,needs_structural_normalization,missing_or_invalid_difficulty|missing_servings|missing_total_time|source_ledger_missing|beginner_review_missing|legacy_ingredient_strings_need_editor_parse|step_v2_fields_missing
7d637d55-a777-413d-8764-739cbbe9427c,토마토라면,일품,mapped,other,11,legacy_strings,0,11,6,0,false,needs_structural_normalization,missing_or_invalid_difficulty|missing_servings|missing_total_time|source_ledger_missing|beginner_review_missing|legacy_ingredient_strings_need_editor_parse|step_v2_fields_missing
49efcf4b-0dfa-4c61-a4e0-acb9caafefaa,토마토샐러드라면,일품,mapped,other,14,legacy_strings,0,14,6,0,false,needs_structural_normalization,missing_or_invalid_difficulty|missing_servings|missing_total_time|source_ledger_missing|beginner_review_missing|legacy_ingredient_strings_need_editor_parse|step_v2_fields_missing
ba40d56d-0996-4728-94d2-9cd2c50bb445,한입꼬치구이,반찬,mapped,side,15,legacy_strings,0,15,6,0,false,needs_structural_normalization,missing_or_invalid_difficulty|missing_servings|missing_total_time|source_ledger_missing|beginner_review_missing|legacy_ingredient_strings_need_editor_parse|step_v2_fields_missing
37397536-e066-4109-aa37-78910916d486,검은깨라면크로켓,후식,mapped,dessert,15,legacy_strings,0,15,6,0,false,needs_structural_normalization,missing_or_invalid_difficulty|missing_servings|missing_total_time|source_ledger_missing|beginner_review_missing|legacy_ingredient_strings_need_editor_parse|step_v2_fields_missing
228956ff-1eea-4421-83b0-a24f44345607,김말이두부스테이크,반찬,mapped,side,19,legacy_strings,0,19,6,0,false,needs_structural_normalization,missing_or_invalid_difficulty|missing_servings|missing_total_time|source_ledger_missing|beginner_review_missing|legacy_ingredient_strings_need_editor_parse|step_v2_fields_missing
8bffe87b-6e13-42fc-add9-818f11134fae,연어롤샐러드,반찬,mapped,side,11,legacy_strings,0,11,6,0,false,needs_structural_normalization,missing_or_invalid_difficulty|missing_servings|missing_total_time|source_ledger_missing|beginner_review_missing|legacy_ingredient_strings_need_editor_parse|step_v2_fields_missing
451961b7-1a06-4e55-aa18-6395316828e1,비타민이유식,일품,mapped,other,5,legacy_strings,0,5,5,0,false,needs_structural_normalization,missing_or_invalid_difficulty|missing_servings|missing_total_time|source_ledger_missing|beginner_review_missing|legacy_ingredient_strings_need_editor_parse|step_v2_fields_missing
e60355a4-8f63-4568-af00-a9ee2dedade6,간장곤약볶음국수,일품,mapped,other,12,legacy_strings,0,12,6,0,false,needs_structural_normalization,missing_or_invalid_difficulty|missing_servings|missing_total_time|source_ledger_missing|beginner_review_missing|legacy_ingredient_strings_need_editor_parse|step_v2_fields_missing
fe55fd96-6638-48a0-9cbe-974bc2b03b7e,닭가슴살리조또,밥,mapped,rice,14,legacy_strings,0,14,6,0,false,needs_structural_normalization,missing_or_invalid_difficulty|missing_servings|missing_total_time|source_ledger_missing|beginner_review_missing|legacy_ingredient_strings_need_editor_parse|step_v2_fields_missing
0a18dc02-675a-4127-bfa6-9feea9b55199,녹차귀리라떼,후식,mapped,dessert,12,legacy_strings,0,12,6,0,false,needs_structural_normalization,missing_or_invalid_difficulty|missing_servings|missing_total_time|source_ledger_missing|beginner_review_missing|legacy_ingredient_strings_need_editor_parse|step_v2_fields_missing
cea93d6b-af24-4e72-aa5e-2e60b7927781,계란숙샐러드,반찬,mapped,side,15,legacy_strings,0,15,6,0,false,needs_structural_normalization,missing_or_invalid_difficulty|missing_servings|missing_total_time|source_ledger_missing|beginner_review_missing|legacy_ingredient_strings_need_editor_parse|step_v2_fields_missing
de59b95e-7722-43f0-b947-4225a91d7b54,한식풍닭가슴살스테이크,일품,mapped,other,14,legacy_strings,0,14,6,0,false,needs_structural_normalization,missing_or_invalid_difficulty|missing_servings|missing_total_time|source_ledger_missing|beginner_review_missing|legacy_ingredient_strings_need_editor_parse|step_v2_fields_missing
929e09d1-532e-4e56-a27f-e7d2b52f2adb,강황고구마밥,밥,mapped,rice,9,legacy_strings,0,9,5,0,false,needs_structural_normalization,missing_or_invalid_difficulty|missing_servings|missing_total_time|source_ledger_missing|beginner_review_missing|legacy_ingredient_strings_need_editor_parse|step_v2_fields_missing
91c4b3ed-4768-4ad9-b4ee-181c13a9eb03,된장시금치옹심이,국&찌개,unresolved,,11,legacy_strings,0,11,6,0,false,needs_structural_normalization,category_unresolved|missing_or_invalid_difficulty|missing_servings|missing_total_time|source_ledger_missing|beginner_review_missing|legacy_ingredient_strings_need_editor_parse|step_v2_fields_missing
839012a4-3b5f-4a51-9b56-1d5872c58e16,불고기 소스를 곁들인 두부구이,반찬,mapped,side,11,legacy_strings,0,11,3,0,false,needs_structural_normalization,missing_or_invalid_difficulty|missing_servings|missing_total_time|source_ledger_missing|beginner_review_missing|legacy_ingredient_strings_need_editor_parse|step_v2_fields_missing
d26d8a11-0a9f-45fa-bdfb-7fe311a8a1d5,두부달걀덮밥,밥,mapped,rice,15,legacy_strings,0,15,6,0,false,needs_structural_normalization,missing_or_invalid_difficulty|missing_servings|missing_total_time|source_ledger_missing|beginner_review_missing|legacy_ingredient_strings_need_editor_parse|step_v2_fields_missing
a90404dc-a36e-4beb-ba19-b709daf0870e,봄나물밥,밥,mapped,rice,8,legacy_strings,0,8,6,0,false,needs_structural_normalization,missing_or_invalid_difficulty|missing_servings|missing_total_time|source_ledger_missing|beginner_review_missing|legacy_ingredient_strings_need_editor_parse|step_v2_fields_missing
01a96cb0-65c2-4f57-b201-2a842d6250c1,가지연어구이,반찬,mapped,side,9,legacy_strings,0,9,6,0,false,needs_structural_normalization,missing_or_invalid_difficulty|missing_servings|missing_total_time|source_ledger_missing|beginner_review_missing|legacy_ingredient_strings_need_editor_parse|step_v2_fields_missing
8137e142-b6d0-4602-a222-10527be6bdeb,갈릭칩동태구이,반찬,mapped,side,4,legacy_strings,0,4,5,0,false,needs_structural_normalization,missing_or_invalid_difficulty|missing_servings|missing_total_time|source_ledger_missing|beginner_review_missing|legacy_ingredient_strings_need_editor_parse|step_v2_fields_missing
3b65bcd6-9f02-4d94-9cfa-dbd6f8b268b0,아삭,반찬,mapped,side,8,legacy_strings,0,8,6,0,false,needs_structural_normalization,missing_or_invalid_difficulty|missing_servings|missing_total_time|source_ledger_missing|beginner_review_missing|legacy_ingredient_strings_need_editor_parse|step_v2_fields_missing
53720132-592b-4578-b6ff-de3f878601eb,고구마두부스테이크,반찬,mapped,side,12,legacy_strings,0,12,6,0,false,needs_structural_normalization,missing_or_invalid_difficulty|missing_servings|missing_total_time|source_ledger_missing|beginner_review_missing|legacy_ingredient_strings_need_editor_parse|step_v2_fields_missing
104f550c-98c2-40a3-bdc3-f75678b8ccb7,닭가슴살카나페,반찬,mapped,side,8,legacy_strings,0,8,6,0,false,needs_structural_normalization,missing_or_invalid_difficulty|missing_servings|missing_total_time|source_ledger_missing|beginner_review_missing|legacy_ingredient_strings_need_editor_parse|step_v2_fields_missing
b569df11-25c7-4455-88e4-11e4c2aa9131,삼색꼬치구이,반찬,mapped,side,9,legacy_strings,0,9,6,0,false,needs_structural_normalization,missing_or_invalid_difficulty|missing_servings|missing_total_time|source_ledger_missing|beginner_review_missing|legacy_ingredient_strings_need_editor_parse|step_v2_fields_missing
2d02a2fa-a9e5-4c21-9d60-b742dc9d370c,꽁치채소말이,반찬,mapped,side,12,legacy_strings,0,12,6,0,false,needs_structural_normalization,missing_or_invalid_difficulty|missing_servings|missing_total_time|source_ledger_missing|beginner_review_missing|legacy_ingredient_strings_need_editor_parse|step_v2_fields_missing
b8114f6b-f53a-4900-a2de-81dcb373c973,차돌박이구이,반찬,mapped,side,9,legacy_strings,0,9,6,0,false,needs_structural_normalization,missing_or_invalid_difficulty|missing_servings|missing_total_time|source_ledger_missing|beginner_review_missing|legacy_ingredient_strings_need_editor_parse|step_v2_fields_missing
c6091f00-4faf-43d1-97b7-eeeb0e55145e,간장아귀찜,반찬,mapped,side,15,legacy_strings,0,15,6,0,false,needs_structural_normalization,missing_or_invalid_difficulty|missing_servings|missing_total_time|source_ledger_missing|beginner_review_missing|legacy_ingredient_strings_need_editor_parse|step_v2_fields_missing
92602d7d-e6a9-4fab-808d-e71e7b5a9186,견과류통삼겹살찜,반찬,mapped,side,23,legacy_strings,0,23,6,0,false,needs_structural_normalization,missing_or_invalid_difficulty|missing_servings|missing_total_time|source_ledger_missing|beginner_review_missing|legacy_ingredient_strings_need_editor_parse|step_v2_fields_missing
f1d3e384-51e8-4663-86cd-e2351e67e2d9,닭가슴살말이,반찬,mapped,side,14,legacy_strings,0,14,6,0,false,needs_structural_normalization,missing_or_invalid_difficulty|missing_servings|missing_total_time|source_ledger_missing|beginner_review_missing|legacy_ingredient_strings_need_editor_parse|step_v2_fields_missing
3e1e84e0-6d76-4bad-ba55-5707c145e66e,두부말이찜,반찬,mapped,side,13,legacy_strings,0,13,6,0,false,needs_structural_normalization,missing_or_invalid_difficulty|missing_servings|missing_total_time|source_ledger_missing|beginner_review_missing|legacy_ingredient_strings_need_editor_parse|step_v2_fields_missing
f06c88e0-0cb0-43c9-9020-4a83bdb12676,미나리명태찜,반찬,mapped,side,7,legacy_strings,0,7,6,0,false,needs_structural_normalization,missing_or_invalid_difficulty|missing_servings|missing_total_time|source_ledger_missing|beginner_review_missing|legacy_ingredient_strings_need_editor_parse|step_v2_fields_missing
404e97a9-6328-4178-b16b-eb89c039722c,불고기덮밥,밥,mapped,rice,16,legacy_strings,0,16,6,0,false,needs_structural_normalization,missing_or_invalid_difficulty|missing_servings|missing_total_time|source_ledger_missing|beginner_review_missing|legacy_ingredient_strings_need_editor_parse|step_v2_fields_missing
50ca8d0d-b59d-4322-8849-41f35f210923,바비큐리조또,밥,mapped,rice,15,legacy_strings,0,15,6,0,false,needs_structural_normalization,missing_or_invalid_difficulty|missing_servings|missing_total_time|source_ledger_missing|beginner_review_missing|legacy_ingredient_strings_need_editor_parse|step_v2_fields_missing
4572e5d7-f7b1-4e04-9748-5666f6e93874,간편콩국수,일품,mapped,other,11,legacy_strings,0,11,6,0,false,needs_structural_normalization,missing_or_invalid_difficulty|missing_servings|missing_total_time|source_ledger_missing|beginner_review_missing|legacy_ingredient_strings_need_editor_parse|step_v2_fields_missing
3d1dbd71-2bac-4d70-9ee2-2677e1d97174,모듬해물찜,반찬,mapped,side,15,legacy_strings,0,15,6,0,false,needs_structural_normalization,missing_or_invalid_difficulty|missing_servings|missing_total_time|source_ledger_missing|beginner_review_missing|legacy_ingredient_strings_need_editor_parse|step_v2_fields_missing
50331920-8250-42cd-b00f-5306886ee314,크렌베리귀리밥,밥,mapped,rice,3,legacy_strings,0,3,5,0,false,needs_structural_normalization,missing_or_invalid_difficulty|missing_servings|missing_total_time|source_ledger_missing|beginner_review_missing|legacy_ingredient_strings_need_editor_parse|step_v2_fields_missing
eb35795b-e917-4c24-a155-4af7b1646796,블루베리냉스프,일품,mapped,other,10,legacy_strings,0,10,6,0,false,needs_structural_normalization,missing_or_invalid_difficulty|missing_servings|missing_total_time|source_ledger_missing|beginner_review_missing|legacy_ingredient_strings_need_editor_parse|step_v2_fields_missing
004f5f36-a80d-4ed6-b1c2-0a41dab35c9a,토마토제철나물 샐러드,반찬,mapped,side,16,legacy_strings,0,16,5,0,false,needs_structural_normalization,missing_or_invalid_difficulty|missing_servings|missing_total_time|source_ledger_missing|beginner_review_missing|legacy_ingredient_strings_need_editor_parse|step_v2_fields_missing
e1fc6ba0-bf64-431c-91c3-cd36953f6aac,더덕얼갈이겉절이,반찬,mapped,side,11,legacy_strings,0,11,6,0,false,needs_structural_normalization,missing_or_invalid_difficulty|missing_servings|missing_total_time|source_ledger_missing|beginner_review_missing|legacy_ingredient_strings_need_editor_parse|step_v2_fields_missing
7d8722dd-a313-44ba-a65b-8e8ab1f77ade,브로콜리스프,일품,mapped,other,10,legacy_strings,0,10,6,0,false,needs_structural_normalization,missing_or_invalid_difficulty|missing_servings|missing_total_time|source_ledger_missing|beginner_review_missing|legacy_ingredient_strings_need_editor_parse|step_v2_fields_missing
23de44a1-d254-401f-be9f-128ac0f01825,초계샐러드,반찬,mapped,side,13,legacy_strings,0,13,6,0,false,needs_structural_normalization,missing_or_invalid_difficulty|missing_servings|missing_total_time|source_ledger_missing|beginner_review_missing|legacy_ingredient_strings_need_editor_parse|step_v2_fields_missing
124e4a00-dae4-4ec8-b036-27244de81642,토마토맑은장국,국&찌개,unresolved,,6,legacy_strings,0,6,6,0,false,needs_structural_normalization,category_unresolved|missing_or_invalid_difficulty|missing_servings|missing_total_time|source_ledger_missing|beginner_review_missing|legacy_ingredient_strings_need_editor_parse|step_v2_fields_missing
f065667d-bc0b-493b-af61-0a797335d6d0,매생이찰범벅,밥,mapped,rice,7,legacy_strings,0,7,6,0,false,needs_structural_normalization,missing_or_invalid_difficulty|missing_servings|missing_total_time|source_ledger_missing|beginner_review_missing|legacy_ingredient_strings_need_editor_parse|step_v2_fields_missing
56b9b20f-6ad5-41fe-aee5-54d95c13e09c,통삼겹맥적구이,반찬,mapped,side,15,legacy_strings,0,15,6,0,false,needs_structural_normalization,missing_or_invalid_difficulty|missing_servings|missing_total_time|source_ledger_missing|beginner_review_missing|legacy_ingredient_strings_need_editor_parse|step_v2_fields_missing
c7dd4c76-1654-4ffb-bb59-df83f3f05d34,닭가슴살샌드스테이크,반찬,mapped,side,16,legacy_strings,0,16,6,0,false,needs_structural_normalization,missing_or_invalid_difficulty|missing_servings|missing_total_time|source_ledger_missing|beginner_review_missing|legacy_ingredient_strings_need_editor_parse|step_v2_fields_missing
b730d58c-a181-4eef-92d6-b5bccd0f6388,치즈리조또,밥,mapped,rice,7,legacy_strings,0,7,6,0,false,needs_structural_normalization,missing_or_invalid_difficulty|missing_servings|missing_total_time|source_ledger_missing|beginner_review_missing|legacy_ingredient_strings_need_editor_parse|step_v2_fields_missing
86a056db-1678-4e5f-a175-fd8df3ff04c6,가지말이샐러드,반찬,mapped,side,13,legacy_strings,0,13,6,0,false,needs_structural_normalization,missing_or_invalid_difficulty|missing_servings|missing_total_time|source_ledger_missing|beginner_review_missing|legacy_ingredient_strings_need_editor_parse|step_v2_fields_missing
a782a6e6-1065-4bb5-8e28-6c5d8738073b,유자등갈비구이,반찬,mapped,side,15,legacy_strings,0,15,6,0,false,needs_structural_normalization,missing_or_invalid_difficulty|missing_servings|missing_total_time|source_ledger_missing|beginner_review_missing|legacy_ingredient_strings_need_editor_parse|step_v2_fields_missing
c98f5304-e84c-427c-84b1-64f28dff492e,실곤약팟타야,일품,mapped,other,9,legacy_strings,0,9,6,0,false,needs_structural_normalization,missing_or_invalid_difficulty|missing_servings|missing_total_time|source_ledger_missing|beginner_review_missing|legacy_ingredient_strings_need_editor_parse|step_v2_fields_missing
f509c137-2b35-40df-8542-b07c459880a7,닭고기라이스롤,반찬,mapped,side,15,legacy_strings,0,15,6,0,false,needs_structural_normalization,missing_or_invalid_difficulty|missing_servings|missing_total_time|source_ledger_missing|beginner_review_missing|legacy_ingredient_strings_need_editor_parse|step_v2_fields_missing
04ff0eea-0d79-4fe8-a564-04cb379afa79,깐풍파스타,일품,mapped,other,18,legacy_strings,0,18,6,0,false,needs_structural_normalization,missing_or_invalid_difficulty|missing_servings|missing_total_time|source_ledger_missing|beginner_review_missing|legacy_ingredient_strings_need_editor_parse|step_v2_fields_missing
197c5785-c485-4ef6-ab81-5d8098417830,닭강정,반찬,mapped,side,15,legacy_strings,0,15,6,0,false,needs_structural_normalization,missing_or_invalid_difficulty|missing_servings|missing_total_time|source_ledger_missing|beginner_review_missing|legacy_ingredient_strings_need_editor_parse|step_v2_fields_missing
4f8f4d36-c2c8-48c9-ba78-61d2cb71a4b4,소고기꼬치구이,반찬,mapped,side,17,legacy_strings,0,17,6,0,false,needs_structural_normalization,missing_or_invalid_difficulty|missing_servings|missing_total_time|source_ledger_missing|beginner_review_missing|legacy_ingredient_strings_need_editor_parse|step_v2_fields_missing
e601bb74-dc5c-42ce-a81f-624a2e21c23a,황태볶음면,일품,mapped,other,17,legacy_strings,0,17,6,0,false,needs_structural_normalization,missing_or_invalid_difficulty|missing_servings|missing_total_time|source_ledger_missing|beginner_review_missing|legacy_ingredient_strings_need_editor_parse|step_v2_fields_missing
60fc9610-1bb7-4b2e-aeda-06435061fe49,토마토덮밥,밥,mapped,rice,11,legacy_strings,0,11,6,0,false,needs_structural_normalization,missing_or_invalid_difficulty|missing_servings|missing_total_time|source_ledger_missing|beginner_review_missing|legacy_ingredient_strings_need_editor_parse|step_v2_fields_missing
95b20a70-0b5c-482a-a0f2-d0c4c810e4a6,표고크림파스타,일품,mapped,other,10,legacy_strings,0,10,6,0,false,needs_structural_normalization,missing_or_invalid_difficulty|missing_servings|missing_total_time|source_ledger_missing|beginner_review_missing|legacy_ingredient_strings_need_editor_parse|step_v2_fields_missing
53a8be44-2b02-4bf1-8a0e-72ef735263cc,떡갈비통치미국수,일품,mapped,other,18,legacy_strings,0,18,6,0,false,needs_structural_normalization,missing_or_invalid_difficulty|missing_servings|missing_total_time|source_ledger_missing|beginner_review_missing|legacy_ingredient_strings_need_editor_parse|step_v2_fields_missing
0b5ad5aa-c147-436e-bd9c-381ac8c991c9,백김치닭살샐러드,반찬,mapped,side,14,legacy_strings,0,14,6,0,false,needs_structural_normalization,missing_or_invalid_difficulty|missing_servings|missing_total_time|source_ledger_missing|beginner_review_missing|legacy_ingredient_strings_need_editor_parse|step_v2_fields_missing
4074ec6f-8778-4890-9d60-18624fa8964f,단호박크림파스타,일품,mapped,other,11,legacy_strings,0,11,6,0,false,needs_structural_normalization,missing_or_invalid_difficulty|missing_servings|missing_total_time|source_ledger_missing|beginner_review_missing|legacy_ingredient_strings_need_editor_parse|step_v2_fields_missing
ceb34a7d-e282-48f5-964e-15aec6f63dc1,견과편수,반찬,mapped,side,14,legacy_strings,0,14,6,0,false,needs_structural_normalization,missing_or_invalid_difficulty|missing_servings|missing_total_time|source_ledger_missing|beginner_review_missing|legacy_ingredient_strings_need_editor_parse|step_v2_fields_missing
7384ecf6-1cc7-42cc-9508-855a1fdaac85,바지락실곤약파스타,일품,mapped,other,10,legacy_strings,0,10,6,0,false,needs_structural_normalization,missing_or_invalid_difficulty|missing_servings|missing_total_time|source_ledger_missing|beginner_review_missing|legacy_ingredient_strings_need_editor_parse|step_v2_fields_missing
cd2a2be6-518d-4d31-8746-4fded9739e58,황태리조또,밥,mapped,rice,10,legacy_strings,0,10,6,0,false,needs_structural_normalization,missing_or_invalid_difficulty|missing_servings|missing_total_time|source_ledger_missing|beginner_review_missing|legacy_ingredient_strings_need_editor_parse|step_v2_fields_missing
cbb2031c-5dc5-4040-b7dd-05a23ea36353,깻잎애호박찜,반찬,mapped,side,7,legacy_strings,0,7,6,0,false,needs_structural_normalization,missing_or_invalid_difficulty|missing_servings|missing_total_time|source_ledger_missing|beginner_review_missing|legacy_ingredient_strings_need_editor_parse|step_v2_fields_missing
e2e4a22f-90c6-4e9c-86e4-cf0db49548d4,녹차와 대추밀전병,반찬,mapped,side,13,legacy_strings,0,13,6,0,false,needs_structural_normalization,missing_or_invalid_difficulty|missing_servings|missing_total_time|source_ledger_missing|beginner_review_missing|legacy_ingredient_strings_need_editor_parse|step_v2_fields_missing
adbbee02-d425-48c0-be7b-1f26bc78db4e,단호박 된장매쉬와 해물굴림만두,일품,mapped,other,11,legacy_strings,0,11,6,0,false,needs_structural_normalization,missing_or_invalid_difficulty|missing_servings|missing_total_time|source_ledger_missing|beginner_review_missing|legacy_ingredient_strings_need_editor_parse|step_v2_fields_missing
e9cab3e2-3241-44ff-b35d-9e1675e10055,닭순대,반찬,mapped,side,11,legacy_strings,0,11,6,0,false,needs_structural_normalization,missing_or_invalid_difficulty|missing_servings|missing_total_time|source_ledger_missing|beginner_review_missing|legacy_ingredient_strings_need_editor_parse|step_v2_fields_missing
388b310d-3ad8-41a6-9430-e09298d5a93e,도라지 유자청생채,반찬,mapped,side,8,legacy_strings,0,8,6,0,false,needs_structural_normalization,missing_or_invalid_difficulty|missing_servings|missing_total_time|source_ledger_missing|beginner_review_missing|legacy_ingredient_strings_need_editor_parse|step_v2_fields_missing
11006fab-d712-42e0-a37a-d5a235a67862,우무오미자냉화채,후식,mapped,dessert,4,legacy_strings,0,4,6,0,false,needs_structural_normalization,missing_or_invalid_difficulty|missing_servings|missing_total_time|source_ledger_missing|beginner_review_missing|legacy_ingredient_strings_need_editor_parse|step_v2_fields_missing
874bde7f-173e-4f88-8241-ccfe2e2e5026,돼지고기 숙주덮밥,밥,mapped,rice,14,legacy_strings,0,14,6,0,false,needs_structural_normalization,missing_or_invalid_difficulty|missing_servings|missing_total_time|source_ledger_missing|beginner_review_missing|legacy_ingredient_strings_need_editor_parse|step_v2_fields_missing
75d9208b-5ddb-4bb7-bd8a-a64aea979d88,두부스테이크,일품,mapped,other,14,legacy_strings,0,14,6,0,false,needs_structural_normalization,missing_or_invalid_difficulty|missing_servings|missing_total_time|source_ledger_missing|beginner_review_missing|legacy_ingredient_strings_need_editor_parse|step_v2_fields_missing
1179ea50-b326-4b40-8c75-2cd5a902a6f0,들깨곤약수제비,일품,mapped,other,7,legacy_strings,0,7,6,0,false,needs_structural_normalization,missing_or_invalid_difficulty|missing_servings|missing_total_time|source_ledger_missing|beginner_review_missing|legacy_ingredient_strings_need_editor_parse|step_v2_fields_missing
472a7d08-e33d-48a8-a29a-10f5a13d1261,먹물소스를 곁들인 토마토피클,반찬,mapped,side,12,legacy_strings,0,12,6,0,false,needs_structural_normalization,missing_or_invalid_difficulty|missing_servings|missing_total_time|source_ledger_missing|beginner_review_missing|legacy_ingredient_strings_need_editor_parse|step_v2_fields_missing
a2d2030d-8934-4d26-bfd3-43e18320d138,레몬크림콩다식,후식,mapped,dessert,7,legacy_strings,0,7,6,0,false,needs_structural_normalization,missing_or_invalid_difficulty|missing_servings|missing_total_time|source_ledger_missing|beginner_review_missing|legacy_ingredient_strings_need_editor_parse|step_v2_fields_missing
1b667522-1854-4a22-b8fe-69e92529dfe9,과일겨자채,반찬,mapped,side,13,legacy_strings,0,13,6,0,false,needs_structural_normalization,missing_or_invalid_difficulty|missing_servings|missing_total_time|source_ledger_missing|beginner_review_missing|legacy_ingredient_strings_need_editor_parse|step_v2_fields_missing
8076d5b0-ee2c-4aae-9ce6-398cac1ad501,묵은지고등어와 새우말이꼬치,반찬,mapped,side,15,legacy_strings,0,15,6,0,false,needs_structural_normalization,missing_or_invalid_difficulty|missing_servings|missing_total_time|source_ledger_missing|beginner_review_missing|legacy_ingredient_strings_need_editor_parse|step_v2_fields_missing
d72ae3fa-9bdd-455e-bde2-99db371f5069,버섯배추말이,반찬,mapped,side,10,legacy_strings,0,10,6,0,false,needs_structural_normalization,missing_or_invalid_difficulty|missing_servings|missing_total_time|source_ledger_missing|beginner_review_missing|legacy_ingredient_strings_need_editor_parse|step_v2_fields_missing
079e5070-0acc-402a-a1a5-d1604e75969c,봄날의 연못,반찬,mapped,side,11,legacy_strings,0,11,6,0,false,needs_structural_normalization,missing_or_invalid_difficulty|missing_servings|missing_total_time|source_ledger_missing|beginner_review_missing|legacy_ingredient_strings_need_editor_parse|step_v2_fields_missing
ee5f1ed9-d07c-413a-ba9a-7ed0e899df71,새우보리죽 고등어스테이크,일품,mapped,other,12,legacy_strings,0,12,6,0,false,needs_structural_normalization,missing_or_invalid_difficulty|missing_servings|missing_total_time|source_ledger_missing|beginner_review_missing|legacy_ingredient_strings_need_editor_parse|step_v2_fields_missing
ae426620-4f51-4ad5-baee-42c85855227a,산나물 유부초밥,밥,mapped,rice,9,legacy_strings,0,9,6,0,false,needs_structural_normalization,missing_or_invalid_difficulty|missing_servings|missing_total_time|source_ledger_missing|beginner_review_missing|legacy_ingredient_strings_need_editor_parse|step_v2_fields_missing
a1193dd9-7adb-4af2-921c-b9ab30e0cbfb,잣소스새송이볶음,반찬,mapped,side,10,legacy_strings,0,10,6,0,false,needs_structural_normalization,missing_or_invalid_difficulty|missing_servings|missing_total_time|source_ledger_missing|beginner_review_missing|legacy_ingredient_strings_need_editor_parse|step_v2_fields_missing
f73c571b-728b-430d-b21d-5857c1f0d3cb,삼삼한 롤,반찬,mapped,side,11,legacy_strings,0,11,6,0,false,needs_structural_normalization,missing_or_invalid_difficulty|missing_servings|missing_total_time|source_ledger_missing|beginner_review_missing|legacy_ingredient_strings_need_editor_parse|step_v2_fields_missing
125bdeaf-c326-48e7-8172-6bdf4bf64a9d,삼색채소 냉파스타,일품,mapped,other,13,legacy_strings,0,13,6,0,false,needs_structural_normalization,missing_or_invalid_difficulty|missing_servings|missing_total_time|source_ledger_missing|beginner_review_missing|legacy_ingredient_strings_need_editor_parse|step_v2_fields_missing
153c0995-d92b-43b8-8a72-2ea2ccc8eb76,콩가루비빔밥,밥,mapped,rice,17,legacy_strings,0,17,6,0,false,needs_structural_normalization,missing_or_invalid_difficulty|missing_servings|missing_total_time|source_ledger_missing|beginner_review_missing|legacy_ingredient_strings_need_editor_parse|step_v2_fields_missing
925c2993-7cfc-4b5f-b524-58c0c3b4ef35,소금없는 초밥,밥,mapped,rice,14,legacy_strings,0,14,6,0,false,needs_structural_normalization,missing_or_invalid_difficulty|missing_servings|missing_total_time|source_ledger_missing|beginner_review_missing|legacy_ingredient_strings_need_editor_parse|step_v2_fields_missing
1a50016f-39ab-481d-b5af-6d761339bd44,포도호두스무디,후식,mapped,dessert,4,legacy_strings,0,4,6,0,false,needs_structural_normalization,missing_or_invalid_difficulty|missing_servings|missing_total_time|source_ledger_missing|beginner_review_missing|legacy_ingredient_strings_need_editor_parse|step_v2_fields_missing
e66b9fe7-4ac8-4347-82c5-f0f6e4f71d81,콜라비물김치,반찬,mapped,side,12,legacy_strings,0,12,6,0,false,needs_structural_normalization,missing_or_invalid_difficulty|missing_servings|missing_total_time|source_ledger_missing|beginner_review_missing|legacy_ingredient_strings_need_editor_parse|step_v2_fields_missing
5713bae1-a020-4cb6-a3b7-3897ea259bc0,고구마라떼,후식,mapped,dessert,6,legacy_strings,0,6,6,0,false,needs_structural_normalization,missing_or_invalid_difficulty|missing_servings|missing_total_time|source_ledger_missing|beginner_review_missing|legacy_ingredient_strings_need_editor_parse|step_v2_fields_missing
0bcd3171-e180-4209-b3e3-9667574487a9,홍시곶감화채,후식,mapped,dessert,5,legacy_strings,0,5,6,0,false,needs_structural_normalization,missing_or_invalid_difficulty|missing_servings|missing_total_time|source_ledger_missing|beginner_review_missing|legacy_ingredient_strings_need_editor_parse|step_v2_fields_missing
e7811509-d163-478b-be1c-32351fbfbf33,오징어채소말이와 치킨양념소스,반찬,mapped,side,8,legacy_strings,0,8,6,0,false,needs_structural_normalization,missing_or_invalid_difficulty|missing_servings|missing_total_time|source_ledger_missing|beginner_review_missing|legacy_ingredient_strings_need_editor_parse|step_v2_fields_missing
6b7522da-7e95-4556-bb60-86ac78ecb2d7,옥수수감자샐러드,반찬,mapped,side,8,legacy_strings,0,8,6,0,false,needs_structural_normalization,missing_or_invalid_difficulty|missing_servings|missing_total_time|source_ledger_missing|beginner_review_missing|legacy_ingredient_strings_need_editor_parse|step_v2_fields_missing
744bb42f-d313-4e35-a63d-dbdee949ec02,홍합 쌀옹심이국,국&찌개,unresolved,,16,legacy_strings,0,16,6,0,false,needs_structural_normalization,category_unresolved|missing_or_invalid_difficulty|missing_servings|missing_total_time|source_ledger_missing|beginner_review_missing|legacy_ingredient_strings_need_editor_parse|step_v2_fields_missing
7a409f02-94f9-4a9a-938f-10e5d2a162e6,찬밥김치달걀찜,반찬,mapped,side,8,legacy_strings,0,8,6,0,false,needs_structural_normalization,missing_or_invalid_difficulty|missing_servings|missing_total_time|source_ledger_missing|beginner_review_missing|legacy_ingredient_strings_need_editor_parse|step_v2_fields_missing
86740661-5ec9-4f79-9888-98a9de9b9f9b,꼬막떡꼬치구이,반찬,mapped,side,11,legacy_strings,0,11,6,0,false,needs_structural_normalization,missing_or_invalid_difficulty|missing_servings|missing_total_time|source_ledger_missing|beginner_review_missing|legacy_ingredient_strings_need_editor_parse|step_v2_fields_missing
be52db6f-c3d1-49fd-b5a1-efa548639d89,물파래콩전,반찬,mapped,side,9,legacy_strings,0,9,6,0,false,needs_structural_normalization,missing_or_invalid_difficulty|missing_servings|missing_total_time|source_ledger_missing|beginner_review_missing|legacy_ingredient_strings_need_editor_parse|step_v2_fields_missing
1a2f4fea-868a-458a-a3b8-9285d7de62c4,카스텔라케이크와 해독주스,후식,mapped,dessert,10,legacy_strings,0,10,6,0,false,needs_structural_normalization,missing_or_invalid_difficulty|missing_servings|missing_total_time|source_ledger_missing|beginner_review_missing|legacy_ingredient_strings_need_editor_parse|step_v2_fields_missing
6de1bdc9-54c3-4717-ac3f-0640a83026f0,토마토김치,반찬,mapped,side,14,legacy_strings,0,14,6,0,false,needs_structural_normalization,missing_or_invalid_difficulty|missing_servings|missing_total_time|source_ledger_missing|beginner_review_missing|legacy_ingredient_strings_need_editor_parse|step_v2_fields_missing
6b0054ae-e43f-4aa4-b550-b38793eb6c48,닭가슴살스튜,반찬,mapped,side,12,legacy_strings,0,12,6,0,false,needs_structural_normalization,missing_or_invalid_difficulty|missing_servings|missing_total_time|source_ledger_missing|beginner_review_missing|legacy_ingredient_strings_need_editor_parse|step_v2_fields_missing
99c24a47-30f8-41a1-83c0-f517860f21c1,가지겉절이,반찬,mapped,side,13,legacy_strings,0,13,5,0,false,needs_structural_normalization,missing_or_invalid_difficulty|missing_servings|missing_total_time|source_ledger_missing|beginner_review_missing|legacy_ingredient_strings_need_editor_parse|step_v2_fields_missing
97120d0a-9587-47a6-9ff1-8dd0fee178a9,주꾸미보양샐러드,반찬,mapped,side,14,legacy_strings,0,14,6,0,false,needs_structural_normalization,missing_or_invalid_difficulty|missing_servings|missing_total_time|source_ledger_missing|beginner_review_missing|legacy_ingredient_strings_need_editor_parse|step_v2_fields_missing
7181f9f4-f0d5-437d-b24a-4758a806e08d,저염 동치미,반찬,mapped,side,11,legacy_strings,0,11,6,0,false,needs_structural_normalization,missing_or_invalid_difficulty|missing_servings|missing_total_time|source_ledger_missing|beginner_review_missing|legacy_ingredient_strings_need_editor_parse|step_v2_fields_missing
575f2b70-c00a-45ee-b1dc-cc899df8c5e8,장어수육구이,반찬,mapped,side,7,legacy_strings,0,7,5,0,false,needs_structural_normalization,missing_or_invalid_difficulty|missing_servings|missing_total_time|source_ledger_missing|beginner_review_missing|legacy_ingredient_strings_need_editor_parse|step_v2_fields_missing
a79401ef-ab22-4494-a9dc-c3c869677d48,울금해초밥,밥,mapped,rice,10,legacy_strings,0,10,6,0,false,needs_structural_normalization,missing_or_invalid_difficulty|missing_servings|missing_total_time|source_ledger_missing|beginner_review_missing|legacy_ingredient_strings_need_editor_parse|step_v2_fields_missing
9d536127-389e-4d0a-b3a4-30a8918af583,미역줄기두부무침,반찬,mapped,side,10,legacy_strings,0,10,6,0,false,needs_structural_normalization,missing_or_invalid_difficulty|missing_servings|missing_total_time|source_ledger_missing|beginner_review_missing|legacy_ingredient_strings_need_editor_parse|step_v2_fields_missing
fec9b2fd-6e9a-41d5-907d-570635ee71ca,맑은육개장,국&찌개,unresolved,,15,legacy_strings,0,15,6,0,false,needs_structural_normalization,category_unresolved|missing_or_invalid_difficulty|missing_servings|missing_total_time|source_ledger_missing|beginner_review_missing|legacy_ingredient_strings_need_editor_parse|step_v2_fields_missing
eec1e553-d619-439c-862e-f6af3056440c,전복내장밥,밥,mapped,rice,12,legacy_strings,0,12,6,0,false,needs_structural_normalization,missing_or_invalid_difficulty|missing_servings|missing_total_time|source_ledger_missing|beginner_review_missing|legacy_ingredient_strings_need_editor_parse|step_v2_fields_missing
41158d1b-f6ff-4128-9990-ed3be74ed877,코다리 뿌리채소 들깨탕,국&찌개,unresolved,,19,legacy_strings,0,19,6,0,false,needs_structural_normalization,category_unresolved|missing_or_invalid_difficulty|missing_servings|missing_total_time|source_ledger_missing|beginner_review_missing|legacy_ingredient_strings_need_editor_parse|step_v2_fields_missing
974601dd-a68b-4b54-9a64-f1e293895737,카레감자전,반찬,mapped,side,9,legacy_strings,0,9,6,0,false,needs_structural_normalization,missing_or_invalid_difficulty|missing_servings|missing_total_time|source_ledger_missing|beginner_review_missing|legacy_ingredient_strings_need_editor_parse|step_v2_fields_missing
bb820cf3-54ca-4213-a779-47fa2d896c34,두부채소샐러드,반찬,mapped,side,10,legacy_strings,0,10,6,0,false,needs_structural_normalization,missing_or_invalid_difficulty|missing_servings|missing_total_time|source_ledger_missing|beginner_review_missing|legacy_ingredient_strings_need_editor_parse|step_v2_fields_missing
3ca3a3a2-4054-417f-8610-1e31c8c45b56,더덕비트물김치,반찬,mapped,side,9,legacy_strings,0,9,6,0,false,needs_structural_normalization,missing_or_invalid_difficulty|missing_servings|missing_total_time|source_ledger_missing|beginner_review_missing|legacy_ingredient_strings_need_editor_parse|step_v2_fields_missing
9b3b4f0b-f964-484b-8fec-62da7bfa9fa5,초코치즈크림케이크,후식,mapped,dessert,12,legacy_strings,0,12,6,0,false,needs_structural_normalization,missing_or_invalid_difficulty|missing_servings|missing_total_time|source_ledger_missing|beginner_review_missing|legacy_ingredient_strings_need_editor_parse|step_v2_fields_missing
a52e1232-59ee-44de-9db7-d898a3b7758f,둥지튀김,반찬,mapped,side,14,legacy_strings,0,14,6,0,false,needs_structural_normalization,missing_or_invalid_difficulty|missing_servings|missing_total_time|source_ledger_missing|beginner_review_missing|legacy_ingredient_strings_need_editor_parse|step_v2_fields_missing
e7b34382-4041-4780-8e8f-60e3ecf3b964,연어허브스테이크,반찬,mapped,side,14,legacy_strings,0,14,6,0,false,needs_structural_normalization,missing_or_invalid_difficulty|missing_servings|missing_total_time|source_ledger_missing|beginner_review_missing|legacy_ingredient_strings_need_editor_parse|step_v2_fields_missing
84389d03-a31a-4bd4-8a60-177c7b0b5e90,해물칼국수,일품,mapped,other,17,legacy_strings,0,17,6,0,false,needs_structural_normalization,missing_or_invalid_difficulty|missing_servings|missing_total_time|source_ledger_missing|beginner_review_missing|legacy_ingredient_strings_need_editor_parse|step_v2_fields_missing
80fbe6e4-a8d5-4530-8a80-ebd0e37d4c21,버섯리조또,밥,mapped,rice,13,legacy_strings,0,13,6,0,false,needs_structural_normalization,missing_or_invalid_difficulty|missing_servings|missing_total_time|source_ledger_missing|beginner_review_missing|legacy_ingredient_strings_need_editor_parse|step_v2_fields_missing
4f91f80b-f401-4196-81be-bbcd2849ae5a,삼색소고기만두,반찬,mapped,side,20,legacy_strings,0,20,6,0,false,needs_structural_normalization,missing_or_invalid_difficulty|missing_servings|missing_total_time|source_ledger_missing|beginner_review_missing|legacy_ingredient_strings_need_editor_parse|step_v2_fields_missing
b06bf993-ac25-4def-ab1f-01320174454c,두부된장무침,반찬,mapped,side,4,legacy_strings,0,4,6,0,false,needs_structural_normalization,missing_or_invalid_difficulty|missing_servings|missing_total_time|source_ledger_missing|beginner_review_missing|legacy_ingredient_strings_need_editor_parse|step_v2_fields_missing
4f215ae9-7b5e-483d-83c9-581bd334b3c0,인삼닭살찜,반찬,mapped,side,10,legacy_strings,0,10,6,0,false,needs_structural_normalization,missing_or_invalid_difficulty|missing_servings|missing_total_time|source_ledger_missing|beginner_review_missing|legacy_ingredient_strings_need_editor_parse|step_v2_fields_missing
c376ca67-5f1e-4906-8809-e45dcb909758,양배추버섯말이,반찬,mapped,side,15,legacy_strings,0,15,6,0,false,needs_structural_normalization,missing_or_invalid_difficulty|missing_servings|missing_total_time|source_ledger_missing|beginner_review_missing|legacy_ingredient_strings_need_editor_parse|step_v2_fields_missing
f5e7998d-a080-461d-aa29-c24ff9e5eb1b,단호박떡갈비,반찬,mapped,side,13,legacy_strings,0,13,6,0,false,needs_structural_normalization,missing_or_invalid_difficulty|missing_servings|missing_total_time|source_ledger_missing|beginner_review_missing|legacy_ingredient_strings_need_editor_parse|step_v2_fields_missing
f6c1cd32-5c99-4f2d-8683-df3219c96994,배추만두탕,국&찌개,unresolved,,15,legacy_strings,0,15,6,0,false,needs_structural_normalization,category_unresolved|missing_or_invalid_difficulty|missing_servings|missing_total_time|source_ledger_missing|beginner_review_missing|legacy_ingredient_strings_need_editor_parse|step_v2_fields_missing
0e10ad9f-20b5-4df2-8ab9-5893b8dde74a,해산물누들볶음,일품,mapped,other,13,legacy_strings,0,13,6,0,false,needs_structural_normalization,missing_or_invalid_difficulty|missing_servings|missing_total_time|source_ledger_missing|beginner_review_missing|legacy_ingredient_strings_need_editor_parse|step_v2_fields_missing
1f206896-72a8-4532-94fe-f416a4996563,허브닭스테이크,반찬,mapped,side,13,legacy_strings,0,13,6,0,false,needs_structural_normalization,missing_or_invalid_difficulty|missing_servings|missing_total_time|source_ledger_missing|beginner_review_missing|legacy_ingredient_strings_need_editor_parse|step_v2_fields_missing
2e3ab79c-f4d5-414c-8b53-a04a51f8c177,새우완자찜,반찬,mapped,side,10,legacy_strings,0,10,6,0,false,needs_structural_normalization,missing_or_invalid_difficulty|missing_servings|missing_total_time|source_ledger_missing|beginner_review_missing|legacy_ingredient_strings_need_editor_parse|step_v2_fields_missing
67b22d56-2ae0-49db-9a5b-5de39bac5514,귀리죽,밥,mapped,rice,8,legacy_strings,0,8,6,0,false,needs_structural_normalization,missing_or_invalid_difficulty|missing_servings|missing_total_time|source_ledger_missing|beginner_review_missing|legacy_ingredient_strings_need_editor_parse|step_v2_fields_missing
0dfdb884-d1e1-4853-b48d-aa3e2c7a1111,탕평채,반찬,mapped,side,13,legacy_strings,0,13,6,0,false,needs_structural_normalization,missing_or_invalid_difficulty|missing_servings|missing_total_time|source_ledger_missing|beginner_review_missing|legacy_ingredient_strings_need_editor_parse|step_v2_fields_missing
d248527b-f69c-415e-b1c8-36b7d3ed7308,겨자소스를 곁들인 새우롤과 전복샐러드,반찬,mapped,side,10,legacy_strings,0,10,6,0,false,needs_structural_normalization,missing_or_invalid_difficulty|missing_servings|missing_total_time|source_ledger_missing|beginner_review_missing|legacy_ingredient_strings_need_editor_parse|step_v2_fields_missing
a41a3897-3ca2-44f6-895c-72f527abeeef,속채운대저토마토백김치,반찬,mapped,side,8,legacy_strings,0,8,6,0,false,needs_structural_normalization,missing_or_invalid_difficulty|missing_servings|missing_total_time|source_ledger_missing|beginner_review_missing|legacy_ingredient_strings_need_editor_parse|step_v2_fields_missing
43a34ee4-fc8d-4bd8-a626-e264d55dcf86,코코넛워터 토마토카레,일품,mapped,other,17,legacy_strings,0,17,6,0,false,needs_structural_normalization,missing_or_invalid_difficulty|missing_servings|missing_total_time|source_ledger_missing|beginner_review_missing|legacy_ingredient_strings_need_editor_parse|step_v2_fields_missing
511b2833-4942-4198-94fb-e1d4fec393d8,들깨죽,일품,mapped,other,8,legacy_strings,0,8,6,0,false,needs_structural_normalization,missing_or_invalid_difficulty|missing_servings|missing_total_time|source_ledger_missing|beginner_review_missing|legacy_ingredient_strings_need_editor_parse|step_v2_fields_missing
0b823cd3-796f-427f-9a7b-396684b655ab,룰룰랄라,반찬,mapped,side,11,legacy_strings,0,11,6,0,false,needs_structural_normalization,missing_or_invalid_difficulty|missing_servings|missing_total_time|source_ledger_missing|beginner_review_missing|legacy_ingredient_strings_need_editor_parse|step_v2_fields_missing
413f06a9-5aa7-4004-a66c-29f86347819e,바다완자탕,국&찌개,unresolved,,11,legacy_strings,0,11,6,0,false,needs_structural_normalization,category_unresolved|missing_or_invalid_difficulty|missing_servings|missing_total_time|source_ledger_missing|beginner_review_missing|legacy_ingredient_strings_need_editor_parse|step_v2_fields_missing
09954c4a-8990-4660-be01-c4e3fe90829f,매실소스를 곁들인 돼지고기만두,반찬,mapped,side,13,legacy_strings,0,13,6,0,false,needs_structural_normalization,missing_or_invalid_difficulty|missing_servings|missing_total_time|source_ledger_missing|beginner_review_missing|legacy_ingredient_strings_need_editor_parse|step_v2_fields_missing
a7e0a6c0-6a5b-4661-bbf7-7b7bbb74c2e3,머스터드튤립치킨,반찬,mapped,side,13,legacy_strings,0,13,6,0,false,needs_structural_normalization,missing_or_invalid_difficulty|missing_servings|missing_total_time|source_ledger_missing|beginner_review_missing|legacy_ingredient_strings_need_editor_parse|step_v2_fields_missing
545c7720-0ef3-4288-ac0d-808326c0cef8,머위향 통밀푸실리,일품,mapped,other,8,legacy_strings,0,8,6,0,false,needs_structural_normalization,missing_or_invalid_difficulty|missing_servings|missing_total_time|source_ledger_missing|beginner_review_missing|legacy_ingredient_strings_need_editor_parse|step_v2_fields_missing
09e74b60-33d1-450c-bf50-f1ccfc64492c,미니함박스테이크,반찬,mapped,side,16,legacy_strings,0,16,6,0,false,needs_structural_normalization,missing_or_invalid_difficulty|missing_servings|missing_total_time|source_ledger_missing|beginner_review_missing|legacy_ingredient_strings_need_editor_parse|step_v2_fields_missing
085e4821-16f0-4864-98ea-19bb5b0a1384,봄옷을 입은 닭,반찬,mapped,side,15,legacy_strings,0,15,6,0,false,needs_structural_normalization,missing_or_invalid_difficulty|missing_servings|missing_total_time|source_ledger_missing|beginner_review_missing|legacy_ingredient_strings_need_editor_parse|step_v2_fields_missing
172c5407-ba81-49a9-9f52-db9279252c6f,야채칩,후식,mapped,dessert,6,legacy_strings,0,6,6,0,false,needs_structural_normalization,missing_or_invalid_difficulty|missing_servings|missing_total_time|source_ledger_missing|beginner_review_missing|legacy_ingredient_strings_need_editor_parse|step_v2_fields_missing
1b3f3170-1cd8-4622-99b3-6da9ca69d3a5,삼계치킨,일품,mapped,other,16,legacy_strings,0,16,6,0,false,needs_structural_normalization,missing_or_invalid_difficulty|missing_servings|missing_total_time|source_ledger_missing|beginner_review_missing|legacy_ingredient_strings_need_editor_parse|step_v2_fields_missing
cefac1c8-4508-4ac5-aa2a-cad3f93dca28,삼계치킨롤,반찬,mapped,side,11,legacy_strings,0,11,6,0,false,needs_structural_normalization,missing_or_invalid_difficulty|missing_servings|missing_total_time|source_ledger_missing|beginner_review_missing|legacy_ingredient_strings_need_editor_parse|step_v2_fields_missing
1bf5186d-11e3-4aba-8c06-a390590113ac,새우완자탕,국&찌개,unresolved,,8,legacy_strings,0,8,6,0,false,needs_structural_normalization,category_unresolved|missing_or_invalid_difficulty|missing_servings|missing_total_time|source_ledger_missing|beginner_review_missing|legacy_ingredient_strings_need_editor_parse|step_v2_fields_missing
3739c188-d6db-47f5-9bc1-de675b2ac6fb,연어비트 절임샐러드,반찬,mapped,side,10,legacy_strings,0,10,6,0,false,needs_structural_normalization,missing_or_invalid_difficulty|missing_servings|missing_total_time|source_ledger_missing|beginner_review_missing|legacy_ingredient_strings_need_editor_parse|step_v2_fields_missing
e3e99414-fc82-405e-8bea-774eff275bb9,가지나물냉국,반찬,mapped,side,10,legacy_strings,0,10,6,0,false,needs_structural_normalization,missing_or_invalid_difficulty|missing_servings|missing_total_time|source_ledger_missing|beginner_review_missing|legacy_ingredient_strings_need_editor_parse|step_v2_fields_missing
8a18a1b4-3967-47f8-b3b9-f5684545ecc3,수삼매운닭찜,반찬,mapped,side,15,legacy_strings,0,15,6,0,false,needs_structural_normalization,missing_or_invalid_difficulty|missing_servings|missing_total_time|source_ledger_missing|beginner_review_missing|legacy_ingredient_strings_need_editor_parse|step_v2_fields_missing
701993d9-b737-4065-8919-1ed7b1892adb,수박즙돼지목심구이,반찬,mapped,side,8,legacy_strings,0,8,6,0,false,needs_structural_normalization,missing_or_invalid_difficulty|missing_servings|missing_total_time|source_ledger_missing|beginner_review_missing|legacy_ingredient_strings_need_editor_parse|step_v2_fields_missing
a02b6a3f-53bd-4719-bbb4-4ea8fc44f2d1,미숫가루 부추전,반찬,mapped,side,10,legacy_strings,0,10,6,0,false,needs_structural_normalization,missing_or_invalid_difficulty|missing_servings|missing_total_time|source_ledger_missing|beginner_review_missing|legacy_ingredient_strings_need_editor_parse|step_v2_fields_missing
9754aa9b-a17e-4865-acf0-4530daf570bf,연어샐러드,반찬,mapped,side,7,legacy_strings,0,7,6,0,false,needs_structural_normalization,missing_or_invalid_difficulty|missing_servings|missing_total_time|source_ledger_missing|beginner_review_missing|legacy_ingredient_strings_need_editor_parse|step_v2_fields_missing
417262f7-7acd-4cba-966b-c424e13bed4d,별미병어조림,반찬,mapped,side,17,legacy_strings,0,17,6,0,false,needs_structural_normalization,missing_or_invalid_difficulty|missing_servings|missing_total_time|source_ledger_missing|beginner_review_missing|legacy_ingredient_strings_need_editor_parse|step_v2_fields_missing
5e2771e0-a478-4aa8-9c17-13df35a88b72,비름나물겉절이,반찬,mapped,side,10,legacy_strings,0,10,6,0,false,needs_structural_normalization,missing_or_invalid_difficulty|missing_servings|missing_total_time|source_ledger_missing|beginner_review_missing|legacy_ingredient_strings_need_editor_parse|step_v2_fields_missing
df288c1a-3647-4d72-856f-ed2ef175ffe9,깻잎단호박튀김,반찬,mapped,side,7,legacy_strings,0,7,6,0,false,needs_structural_normalization,missing_or_invalid_difficulty|missing_servings|missing_total_time|source_ledger_missing|beginner_review_missing|legacy_ingredient_strings_need_editor_parse|step_v2_fields_missing
d2359786-b636-45eb-a9a3-6c50eb816eef,냉머위들깨나물,반찬,mapped,side,8,legacy_strings,0,8,6,0,false,needs_structural_normalization,missing_or_invalid_difficulty|missing_servings|missing_total_time|source_ledger_missing|beginner_review_missing|legacy_ingredient_strings_need_editor_parse|step_v2_fields_missing
4757472c-66b5-4c5e-9ce4-e4615e9529c8,수박껍질풋고추볶음,반찬,mapped,side,6,legacy_strings,0,6,6,0,false,needs_structural_normalization,missing_or_invalid_difficulty|missing_servings|missing_total_time|source_ledger_missing|beginner_review_missing|legacy_ingredient_strings_need_editor_parse|step_v2_fields_missing
971dd886-ef66-4105-987d-f4e44667ef2f,전복영양밥과 부추양념장,밥,mapped,rice,13,legacy_strings,0,13,6,0,false,needs_structural_normalization,missing_or_invalid_difficulty|missing_servings|missing_total_time|source_ledger_missing|beginner_review_missing|legacy_ingredient_strings_need_editor_parse|step_v2_fields_missing
7dfa028d-85d4-45a9-b0d0-979a785f967b,근대쌈밥과 멸치견과류쌈장,밥,mapped,rice,18,legacy_strings,0,18,6,0,false,needs_structural_normalization,missing_or_invalid_difficulty|missing_servings|missing_total_time|source_ledger_missing|beginner_review_missing|legacy_ingredient_strings_need_editor_parse|step_v2_fields_missing
3f2156e8-5ab5-48fe-b33e-0328bebf4d4d,장어조림,반찬,mapped,side,14,legacy_strings,0,14,6,0,false,needs_structural_normalization,missing_or_invalid_difficulty|missing_servings|missing_total_time|source_ledger_missing|beginner_review_missing|legacy_ingredient_strings_need_editor_parse|step_v2_fields_missing
d2306074-02b9-41a3-b700-b7cad9ec732f,통삼겹스테이크,일품,mapped,other,19,legacy_strings,0,19,6,0,false,needs_structural_normalization,missing_or_invalid_difficulty|missing_servings|missing_total_time|source_ledger_missing|beginner_review_missing|legacy_ingredient_strings_need_editor_parse|step_v2_fields_missing
2b28ac90-bb3b-41d8-bcf3-0a1aa495a9da,저염된장 삼치구이,반찬,mapped,side,9,legacy_strings,0,9,6,0,false,needs_structural_normalization,missing_or_invalid_difficulty|missing_servings|missing_total_time|source_ledger_missing|beginner_review_missing|legacy_ingredient_strings_need_editor_parse|step_v2_fields_missing
bf80da65-1d13-4bf5-860d-f1631056debd,미역전복죽,밥,mapped,rice,7,legacy_strings,0,7,6,0,false,needs_structural_normalization,missing_or_invalid_difficulty|missing_servings|missing_total_time|source_ledger_missing|beginner_review_missing|legacy_ingredient_strings_need_editor_parse|step_v2_fields_missing
1d9ac393-0b04-489a-8106-423c97ddd883,불고기미니볼,반찬,mapped,side,17,legacy_strings,0,17,6,0,false,needs_structural_normalization,missing_or_invalid_difficulty|missing_servings|missing_total_time|source_ledger_missing|beginner_review_missing|legacy_ingredient_strings_need_editor_parse|step_v2_fields_missing
696a013d-b0c6-489e-a672-9f515e7ddbe4,치자연근물김치,반찬,mapped,side,11,legacy_strings,0,11,6,0,false,needs_structural_normalization,missing_or_invalid_difficulty|missing_servings|missing_total_time|source_ledger_missing|beginner_review_missing|legacy_ingredient_strings_need_editor_parse|step_v2_fields_missing
f490e8d9-69eb-42ac-b9c7-9dc3b4987686,훈제연어롤,반찬,mapped,side,12,legacy_strings,0,12,6,0,false,needs_structural_normalization,missing_or_invalid_difficulty|missing_servings|missing_total_time|source_ledger_missing|beginner_review_missing|legacy_ingredient_strings_need_editor_parse|step_v2_fields_missing
26b1827d-a0a9-468c-9cb3-c82d2db6ab6d,크림닭,반찬,mapped,side,17,legacy_strings,0,17,6,0,false,needs_structural_normalization,missing_or_invalid_difficulty|missing_servings|missing_total_time|source_ledger_missing|beginner_review_missing|legacy_ingredient_strings_need_editor_parse|step_v2_fields_missing
9328bd27-4d52-457d-96e5-c3ac3899edaa,등심채소롤,반찬,mapped,side,15,legacy_strings,0,15,6,0,false,needs_structural_normalization,missing_or_invalid_difficulty|missing_servings|missing_total_time|source_ledger_missing|beginner_review_missing|legacy_ingredient_strings_need_editor_parse|step_v2_fields_missing
abfa65e3-c4c3-41f2-ab54-7874241df607,유부완자탕,국&찌개,unresolved,,13,legacy_strings,0,13,6,0,false,needs_structural_normalization,category_unresolved|missing_or_invalid_difficulty|missing_servings|missing_total_time|source_ledger_missing|beginner_review_missing|legacy_ingredient_strings_need_editor_parse|step_v2_fields_missing
44d29457-7ef1-4921-9af5-af2c5d06cd03,미니밥버거,밥,mapped,rice,15,legacy_strings,0,15,6,0,false,needs_structural_normalization,missing_or_invalid_difficulty|missing_servings|missing_total_time|source_ledger_missing|beginner_review_missing|legacy_ingredient_strings_need_editor_parse|step_v2_fields_missing
8e425c8c-e514-4738-be2d-1dac9b39abd8,파프리카볶음밥,밥,mapped,rice,18,legacy_strings,0,18,6,0,false,needs_structural_normalization,missing_or_invalid_difficulty|missing_servings|missing_total_time|source_ledger_missing|beginner_review_missing|legacy_ingredient_strings_need_editor_parse|step_v2_fields_missing
dabcbe30-e2b2-4f6a-a984-c882981131b2,리코타치즈돈가스,일품,mapped,other,17,legacy_strings,0,17,6,0,false,needs_structural_normalization,missing_or_invalid_difficulty|missing_servings|missing_total_time|source_ledger_missing|beginner_review_missing|legacy_ingredient_strings_need_editor_parse|step_v2_fields_missing
2a299453-0e14-4d37-8c0e-01f6d0267f7f,삼겹살부추찜,반찬,mapped,side,16,legacy_strings,0,16,6,0,false,needs_structural_normalization,missing_or_invalid_difficulty|missing_servings|missing_total_time|source_ledger_missing|beginner_review_missing|legacy_ingredient_strings_need_editor_parse|step_v2_fields_missing
2dd32932-11eb-47cc-b362-18cab20cb461,전복죽,밥,mapped,rice,8,legacy_strings,0,8,6,0,false,needs_structural_normalization,missing_or_invalid_difficulty|missing_servings|missing_total_time|source_ledger_missing|beginner_review_missing|legacy_ingredient_strings_need_editor_parse|step_v2_fields_missing
7a471685-3c11-4110-90a7-7d9b3fef4e11,오징어토마토초무침,반찬,mapped,side,14,legacy_strings,0,14,6,0,false,needs_structural_normalization,missing_or_invalid_difficulty|missing_servings|missing_total_time|source_ledger_missing|beginner_review_missing|legacy_ingredient_strings_need_editor_parse|step_v2_fields_missing
d3697cb3-a7da-4228-b035-5d60a5f86e6a,들깨칼국수,일품,mapped,other,14,legacy_strings,0,14,6,0,false,needs_structural_normalization,missing_or_invalid_difficulty|missing_servings|missing_total_time|source_ledger_missing|beginner_review_missing|legacy_ingredient_strings_need_editor_parse|step_v2_fields_missing
5e878e06-bcc3-4e32-80f6-a30511fa89eb,소고기채소불고기,반찬,mapped,side,15,legacy_strings,0,15,6,0,false,needs_structural_normalization,missing_or_invalid_difficulty|missing_servings|missing_total_time|source_ledger_missing|beginner_review_missing|legacy_ingredient_strings_need_editor_parse|step_v2_fields_missing
93debd51-b823-4a5a-8c53-cfa34fcac58a,숙주라면,일품,mapped,other,15,legacy_strings,0,15,6,0,false,needs_structural_normalization,missing_or_invalid_difficulty|missing_servings|missing_total_time|source_ledger_missing|beginner_review_missing|legacy_ingredient_strings_need_editor_parse|step_v2_fields_missing
cf026581-8846-463c-9675-c05c2b55ca1c,곤약냉면,일품,mapped,other,13,legacy_strings,0,13,6,0,false,needs_structural_normalization,missing_or_invalid_difficulty|missing_servings|missing_total_time|source_ledger_missing|beginner_review_missing|legacy_ingredient_strings_need_editor_parse|step_v2_fields_missing
ffdfa8bd-f7ee-4768-b3d7-a7a2625d7b5e,과일갈비찜,반찬,mapped,side,20,legacy_strings,0,20,6,0,false,needs_structural_normalization,missing_or_invalid_difficulty|missing_servings|missing_total_time|source_ledger_missing|beginner_review_missing|legacy_ingredient_strings_need_editor_parse|step_v2_fields_missing
44afd288-8e14-480b-8685-a35ebb437f8a,토마토소스닭갈비,반찬,mapped,side,14,legacy_strings,0,14,6,0,false,needs_structural_normalization,missing_or_invalid_difficulty|missing_servings|missing_total_time|source_ledger_missing|beginner_review_missing|legacy_ingredient_strings_need_editor_parse|step_v2_fields_missing
ec648f23-08a2-40c2-89d1-5237d4421458,골뱅이과일무침,반찬,mapped,side,23,legacy_strings,0,23,5,0,false,needs_structural_normalization,missing_or_invalid_difficulty|missing_servings|missing_total_time|source_ledger_missing|beginner_review_missing|legacy_ingredient_strings_need_editor_parse|step_v2_fields_missing
b4fdbec6-cfd9-4764-ba51-3def34574157,두유 마 떡갈비,반찬,mapped,side,20,legacy_strings,0,20,6,0,false,needs_structural_normalization,missing_or_invalid_difficulty|missing_servings|missing_total_time|source_ledger_missing|beginner_review_missing|legacy_ingredient_strings_need_editor_parse|step_v2_fields_missing
de8e7d2e-321c-4c16-9bcd-5b083da8c792,떡갈비와 미니잡곡밥,밥,mapped,rice,20,legacy_strings,0,20,6,0,false,needs_structural_normalization,missing_or_invalid_difficulty|missing_servings|missing_total_time|source_ledger_missing|beginner_review_missing|legacy_ingredient_strings_need_editor_parse|step_v2_fields_missing
915dae16-7924-4cf0-a22d-10bbe7b61ad4,리코타소스 연어샐러드,반찬,mapped,side,12,legacy_strings,0,12,6,0,false,needs_structural_normalization,missing_or_invalid_difficulty|missing_servings|missing_total_time|source_ledger_missing|beginner_review_missing|legacy_ingredient_strings_need_editor_parse|step_v2_fields_missing
6dcaa023-916f-4e8a-880c-5457e8f9e217,망고무스케이크와 마카롱,후식,mapped,dessert,12,legacy_strings,0,12,6,0,false,needs_structural_normalization,missing_or_invalid_difficulty|missing_servings|missing_total_time|source_ledger_missing|beginner_review_missing|legacy_ingredient_strings_need_editor_parse|step_v2_fields_missing
0003d6c0-02aa-49f3-a4f7-e501837a652d,망고자몽드레싱 해산물전체,반찬,mapped,side,17,legacy_strings,0,17,6,0,false,needs_structural_normalization,missing_or_invalid_difficulty|missing_servings|missing_total_time|source_ledger_missing|beginner_review_missing|legacy_ingredient_strings_need_editor_parse|step_v2_fields_missing
2c4d85c6-068e-4c58-a386-438885ccfe19,머쉬룸 닭스테이크,일품,mapped,other,14,legacy_strings,0,14,6,0,false,needs_structural_normalization,missing_or_invalid_difficulty|missing_servings|missing_total_time|source_ledger_missing|beginner_review_missing|legacy_ingredient_strings_need_editor_parse|step_v2_fields_missing
9873fc3e-4bdb-44e0-aae7-8429bcdccc49,미역소스와 타르타르,일품,mapped,other,14,legacy_strings,0,14,6,0,false,needs_structural_normalization,missing_or_invalid_difficulty|missing_servings|missing_total_time|source_ledger_missing|beginner_review_missing|legacy_ingredient_strings_need_editor_parse|step_v2_fields_missing
aa881708-28ef-469d-b514-e5f2b5f2f93c,발사믹소스를 곁들인 오리스테이크,일품,mapped,other,13,legacy_strings,0,13,6,0,false,needs_structural_normalization,missing_or_invalid_difficulty|missing_servings|missing_total_time|source_ledger_missing|beginner_review_missing|legacy_ingredient_strings_need_editor_parse|step_v2_fields_missing
c098a733-bc7f-4e25-93d0-3d94dcd5140d,방울토마토를 곁들인 너비아니구이와 쌈밥,밥,mapped,rice,17,legacy_strings,0,17,6,0,false,needs_structural_normalization,missing_or_invalid_difficulty|missing_servings|missing_total_time|source_ledger_missing|beginner_review_missing|legacy_ingredient_strings_need_editor_parse|step_v2_fields_missing
e801975b-d521-4b31-bb62-7546a4c094a7,배차와 주악,후식,mapped,dessert,11,legacy_strings,0,11,6,0,false,needs_structural_normalization,missing_or_invalid_difficulty|missing_servings|missing_total_time|source_ledger_missing|beginner_review_missing|legacy_ingredient_strings_need_editor_parse|step_v2_fields_missing
ededbc62-9800-479a-b6f5-01031820d612,배추관자카나페,반찬,mapped,side,10,legacy_strings,0,10,6,0,false,needs_structural_normalization,missing_or_invalid_difficulty|missing_servings|missing_total_time|source_ledger_missing|beginner_review_missing|legacy_ingredient_strings_need_editor_parse|step_v2_fields_missing
517f3e43-57b4-4aa1-957a-f1a17127d116,버섯과 두부 비프웰링턴,일품,mapped,other,16,legacy_strings,0,16,6,0,false,needs_structural_normalization,missing_or_invalid_difficulty|missing_servings|missing_total_time|source_ledger_missing|beginner_review_missing|legacy_ingredient_strings_need_editor_parse|step_v2_fields_missing
22c8ebfa-95c1-4eff-a86f-055abba8402f,복분자소스를 곁들인 닭테린,반찬,mapped,side,14,legacy_strings,0,14,6,0,false,needs_structural_normalization,missing_or_invalid_difficulty|missing_servings|missing_total_time|source_ledger_missing|beginner_review_missing|legacy_ingredient_strings_need_editor_parse|step_v2_fields_missing
a95e6138-6193-4712-9eb9-03700debee2c,관자버터구이,반찬,mapped,side,9,legacy_strings,0,9,6,0,false,needs_structural_normalization,missing_or_invalid_difficulty|missing_servings|missing_total_time|source_ledger_missing|beginner_review_missing|legacy_ingredient_strings_need_editor_parse|step_v2_fields_missing
d7b0440a-7632-4933-8cb8-3e2478a96256,세 가지 미니 에피타이저,반찬,mapped,side,11,legacy_strings,0,11,6,0,false,needs_structural_normalization,missing_or_invalid_difficulty|missing_servings|missing_total_time|source_ledger_missing|beginner_review_missing|legacy_ingredient_strings_need_editor_parse|step_v2_fields_missing
ca2b5c1e-7360-4ded-b7c3-5ae2a05589a7,생선찜 채소말이,반찬,mapped,side,15,legacy_strings,0,15,6,0,false,needs_structural_normalization,missing_or_invalid_difficulty|missing_servings|missing_total_time|source_ledger_missing|beginner_review_missing|legacy_ingredient_strings_need_editor_parse|step_v2_fields_missing
c8536644-d318-4a6d-9cfc-cde0802bb286,식혜양갱과 수박증편,후식,mapped,dessert,12,legacy_strings,0,12,6,0,false,needs_structural_normalization,missing_or_invalid_difficulty|missing_servings|missing_total_time|source_ledger_missing|beginner_review_missing|legacy_ingredient_strings_need_editor_parse|step_v2_fields_missing
3a130dc7-d78f-4b6e-a325-60a3dcae3fab,호박잎다슬기된장국,국&찌개,unresolved,,0,missing,0,0,6,0,false,needs_structural_normalization,category_unresolved|missing_or_invalid_difficulty|missing_servings|missing_total_time|source_ledger_missing|beginner_review_missing|ingredients_missing|step_v2_fields_missing
e0c0d8ea-fab6-4c1f-ae62-9c86c62a1550,양배추두부찜과 양파케첩소스,반찬,mapped,side,0,missing,0,0,6,0,false,needs_structural_normalization,missing_or_invalid_difficulty|missing_servings|missing_total_time|source_ledger_missing|beginner_review_missing|ingredients_missing|step_v2_fields_missing
8b19e07a-7418-4e6d-947e-ffe54359f943,수박비빔국수와 수박고추장소스,일품,mapped,other,10,legacy_strings,0,10,6,0,false,needs_structural_normalization,missing_or_invalid_difficulty|missing_servings|missing_total_time|source_ledger_missing|beginner_review_missing|legacy_ingredient_strings_need_editor_parse|step_v2_fields_missing
30b95e1e-9a0e-4153-8acf-3f57a72bc5a7,애호박장떡말이밥,밥,mapped,rice,11,legacy_strings,0,11,6,0,false,needs_structural_normalization,missing_or_invalid_difficulty|missing_servings|missing_total_time|source_ledger_missing|beginner_review_missing|legacy_ingredient_strings_need_editor_parse|step_v2_fields_missing
cdd3760b-9840-4d45-8680-390e228420a5,봄나물주먹밥,밥,mapped,rice,9,legacy_strings,0,9,6,0,false,needs_structural_normalization,missing_or_invalid_difficulty|missing_servings|missing_total_time|source_ledger_missing|beginner_review_missing|legacy_ingredient_strings_need_editor_parse|step_v2_fields_missing
d5d76343-c0de-4ffc-928d-3d64e0d2b589,달래두부김치무침,반찬,mapped,side,11,legacy_strings,0,11,6,0,false,needs_structural_normalization,missing_or_invalid_difficulty|missing_servings|missing_total_time|source_ledger_missing|beginner_review_missing|legacy_ingredient_strings_need_editor_parse|step_v2_fields_missing
93dfd938-a03e-47bb-9eb9-c7515946aebd,딸기소스닭가슴살채소무침,반찬,mapped,side,11,legacy_strings,0,11,6,0,false,needs_structural_normalization,missing_or_invalid_difficulty|missing_servings|missing_total_time|source_ledger_missing|beginner_review_missing|legacy_ingredient_strings_need_editor_parse|step_v2_fields_missing
c9e8e4ed-4021-480a-9653-7137c35e7138,쑥호두달걀말이,반찬,mapped,side,6,legacy_strings,0,6,6,0,false,needs_structural_normalization,missing_or_invalid_difficulty|missing_servings|missing_total_time|source_ledger_missing|beginner_review_missing|legacy_ingredient_strings_need_editor_parse|step_v2_fields_missing
22e24f02-4749-4fb8-a430-0682f84cfe93,시래기리조또,밥,mapped,rice,9,legacy_strings,0,9,6,0,false,needs_structural_normalization,missing_or_invalid_difficulty|missing_servings|missing_total_time|source_ledger_missing|beginner_review_missing|legacy_ingredient_strings_need_editor_parse|step_v2_fields_missing
84168dbd-d954-43d8-ae94-a624314fabbb,생과일과가자미까나페,후식,mapped,dessert,7,legacy_strings,0,7,6,0,false,needs_structural_normalization,missing_or_invalid_difficulty|missing_servings|missing_total_time|source_ledger_missing|beginner_review_missing|legacy_ingredient_strings_need_editor_parse|step_v2_fields_missing
9e93d9cf-28eb-4fb8-b2c7-cc0d5eb1a930,꽃게살국,국&찌개,unresolved,,8,legacy_strings,0,8,6,0,false,needs_structural_normalization,category_unresolved|missing_or_invalid_difficulty|missing_servings|missing_total_time|source_ledger_missing|beginner_review_missing|legacy_ingredient_strings_need_editor_parse|step_v2_fields_missing
f0f12802-bc2d-454c-81f3-3b2601f892e0,우엉들깨무침,반찬,mapped,side,7,legacy_strings,0,7,6,0,false,needs_structural_normalization,missing_or_invalid_difficulty|missing_servings|missing_total_time|source_ledger_missing|beginner_review_missing|legacy_ingredient_strings_need_editor_parse|step_v2_fields_missing
51180871-557c-4556-8f3f-1f84b0d0f829,새우두부만두,반찬,mapped,side,12,legacy_strings,0,12,6,0,false,needs_structural_normalization,missing_or_invalid_difficulty|missing_servings|missing_total_time|source_ledger_missing|beginner_review_missing|legacy_ingredient_strings_need_editor_parse|step_v2_fields_missing
63f464ce-4194-4aed-9cc1-da24aa0c7076,마마무스프,일품,mapped,other,10,legacy_strings,0,10,6,0,false,needs_structural_normalization,missing_or_invalid_difficulty|missing_servings|missing_total_time|source_ledger_missing|beginner_review_missing|legacy_ingredient_strings_need_editor_parse|step_v2_fields_missing
b59f0696-01d9-4e2f-86a0-fd98acdc0d0b,단호박리조또,밥,mapped,rice,13,legacy_strings,0,13,6,0,false,needs_structural_normalization,missing_or_invalid_difficulty|missing_servings|missing_total_time|source_ledger_missing|beginner_review_missing|legacy_ingredient_strings_need_editor_parse|step_v2_fields_missing
fab03f4c-2d71-4759-ae52-739ce4f84be4,토마토떡볶이,반찬,mapped,side,15,legacy_strings,0,15,6,0,false,needs_structural_normalization,missing_or_invalid_difficulty|missing_servings|missing_total_time|source_ledger_missing|beginner_review_missing|legacy_ingredient_strings_need_editor_parse|step_v2_fields_missing
4ce152bb-bc43-4bda-bea9-92d41d5818a1,소고기채소볶음,반찬,mapped,side,13,legacy_strings,0,13,6,0,false,needs_structural_normalization,missing_or_invalid_difficulty|missing_servings|missing_total_time|source_ledger_missing|beginner_review_missing|legacy_ingredient_strings_need_editor_parse|step_v2_fields_missing
6c1b7155-f721-4a0a-bf5d-573af694d3cc,구운 주먹밥,밥,mapped,rice,8,legacy_strings,0,8,6,0,false,needs_structural_normalization,missing_or_invalid_difficulty|missing_servings|missing_total_time|source_ledger_missing|beginner_review_missing|legacy_ingredient_strings_need_editor_parse|step_v2_fields_missing
2d51573d-0864-4241-aea3-8759af4b4b22,양송이크림볶음밥,밥,mapped,rice,12,legacy_strings,0,12,6,0,false,needs_structural_normalization,missing_or_invalid_difficulty|missing_servings|missing_total_time|source_ledger_missing|beginner_review_missing|legacy_ingredient_strings_need_editor_parse|step_v2_fields_missing
760eb921-9548-423d-9ddf-c3b27c00f7aa,해물우동볶음,일품,mapped,other,13,legacy_strings,0,13,6,0,false,needs_structural_normalization,missing_or_invalid_difficulty|missing_servings|missing_total_time|source_ledger_missing|beginner_review_missing|legacy_ingredient_strings_need_editor_parse|step_v2_fields_missing
9fb064b0-2dfa-4e58-9c8d-bf708203f51c,단호박닭꼬치,반찬,mapped,side,14,legacy_strings,0,14,6,0,false,needs_structural_normalization,missing_or_invalid_difficulty|missing_servings|missing_total_time|source_ledger_missing|beginner_review_missing|legacy_ingredient_strings_need_editor_parse|step_v2_fields_missing
1089773e-6bf8-48ac-be2b-682600da2919,떡갈비콩나물밥,밥,mapped,rice,16,legacy_strings,0,16,6,0,false,needs_structural_normalization,missing_or_invalid_difficulty|missing_servings|missing_total_time|source_ledger_missing|beginner_review_missing|legacy_ingredient_strings_need_editor_parse|step_v2_fields_missing
0bb54f5e-682c-46bf-a537-893991a564bf,크림치즈떡볶이,반찬,mapped,side,10,legacy_strings,0,10,6,0,false,needs_structural_normalization,missing_or_invalid_difficulty|missing_servings|missing_total_time|source_ledger_missing|beginner_review_missing|legacy_ingredient_strings_need_editor_parse|step_v2_fields_missing
8fe12086-8754-44ff-bde7-947608e71559,목살스테이크,일품,mapped,other,15,legacy_strings,0,15,6,0,false,needs_structural_normalization,missing_or_invalid_difficulty|missing_servings|missing_total_time|source_ledger_missing|beginner_review_missing|legacy_ingredient_strings_need_editor_parse|step_v2_fields_missing
6d14803e-2a0b-47cd-a661-c5ebb966025d,치킨완자스프,일품,mapped,other,15,legacy_strings,0,15,6,0,false,needs_structural_normalization,missing_or_invalid_difficulty|missing_servings|missing_total_time|source_ledger_missing|beginner_review_missing|legacy_ingredient_strings_need_editor_parse|step_v2_fields_missing
8b0d6252-7389-4c15-bbaf-72762a56f826,돼지고기말이튀김,반찬,mapped,side,19,legacy_strings,0,19,6,0,false,needs_structural_normalization,missing_or_invalid_difficulty|missing_servings|missing_total_time|source_ledger_missing|beginner_review_missing|legacy_ingredient_strings_need_editor_parse|step_v2_fields_missing
56efc3dc-6f77-4dc2-81ed-5deb1555a0dc,단호박피자,일품,mapped,other,17,legacy_strings,0,17,6,0,false,needs_structural_normalization,missing_or_invalid_difficulty|missing_servings|missing_total_time|source_ledger_missing|beginner_review_missing|legacy_ingredient_strings_need_editor_parse|step_v2_fields_missing
166b1dbe-fab4-4f65-9093-0982be7d0022,L..A갈비구이,반찬,mapped,side,14,legacy_strings,0,14,6,0,false,needs_structural_normalization,missing_or_invalid_difficulty|missing_servings|missing_total_time|source_ledger_missing|beginner_review_missing|legacy_ingredient_strings_need_editor_parse|step_v2_fields_missing
a3e0cc08-6a2c-48be-ab27-03b38dd9dc91,닭고기파스타,일품,mapped,other,17,legacy_strings,0,17,6,0,false,needs_structural_normalization,missing_or_invalid_difficulty|missing_servings|missing_total_time|source_ledger_missing|beginner_review_missing|legacy_ingredient_strings_need_editor_parse|step_v2_fields_missing
2726d3d5-c0e2-4c0f-86c9-7b3954239b2b,동글동글도넛,반찬,mapped,side,10,legacy_strings,0,10,6,0,false,needs_structural_normalization,missing_or_invalid_difficulty|missing_servings|missing_total_time|source_ledger_missing|beginner_review_missing|legacy_ingredient_strings_need_editor_parse|step_v2_fields_missing
334c9300-6194-4658-aa40-194d019dd418,된장크림소스 잡곡 오므라이스,밥,mapped,rice,19,legacy_strings,0,19,6,0,false,needs_structural_normalization,missing_or_invalid_difficulty|missing_servings|missing_total_time|source_ledger_missing|beginner_review_missing|legacy_ingredient_strings_need_editor_parse|step_v2_fields_missing
654e1713-091f-4b32-88b0-daea6a48271e,두릅부추 소고기말이,반찬,mapped,side,9,legacy_strings,0,9,6,0,false,needs_structural_normalization,missing_or_invalid_difficulty|missing_servings|missing_total_time|source_ledger_missing|beginner_review_missing|legacy_ingredient_strings_need_editor_parse|step_v2_fields_missing
e087b507-214c-4e4f-9994-47cb626f6c42,두부 비빔호박쌈,일품,mapped,other,14,legacy_strings,0,14,6,0,false,needs_structural_normalization,missing_or_invalid_difficulty|missing_servings|missing_total_time|source_ledger_missing|beginner_review_missing|legacy_ingredient_strings_need_editor_parse|step_v2_fields_missing
2e67072d-9b16-4cd1-83e2-42d1815bda70,소안심 야채 호박잎쌈,반찬,mapped,side,13,legacy_strings,0,13,6,0,false,needs_structural_normalization,missing_or_invalid_difficulty|missing_servings|missing_total_time|source_ledger_missing|beginner_review_missing|legacy_ingredient_strings_need_editor_parse|step_v2_fields_missing
c304f707-f98a-4121-a8c6-5a8ec162d2c3,두부곤약파스타,일품,mapped,other,12,legacy_strings,0,12,6,0,false,needs_structural_normalization,missing_or_invalid_difficulty|missing_servings|missing_total_time|source_ledger_missing|beginner_review_missing|legacy_ingredient_strings_need_editor_parse|step_v2_fields_missing
b95181fc-ab9b-44cc-8015-74c715e3bf2b,배 깍두기,반찬,mapped,side,5,legacy_strings,0,5,6,0,false,needs_structural_normalization,missing_or_invalid_difficulty|missing_servings|missing_total_time|source_ledger_missing|beginner_review_missing|legacy_ingredient_strings_need_editor_parse|step_v2_fields_missing
421d56c5-06eb-4adb-a96b-bd82aa894999,두유 라이크 파스타,일품,mapped,other,10,legacy_strings,0,10,6,0,false,needs_structural_normalization,missing_or_invalid_difficulty|missing_servings|missing_total_time|source_ledger_missing|beginner_review_missing|legacy_ingredient_strings_need_editor_parse|step_v2_fields_missing
c54733ca-03ee-4341-a96d-5cb8619f8015,라따뚜이,반찬,mapped,side,8,legacy_strings,0,8,6,0,false,needs_structural_normalization,missing_or_invalid_difficulty|missing_servings|missing_total_time|source_ledger_missing|beginner_review_missing|legacy_ingredient_strings_need_editor_parse|step_v2_fields_missing
57c6832c-2f49-4a21-b256-b2d698cffaab,라이스페이퍼 야채롤,반찬,mapped,side,9,legacy_strings,0,9,6,0,false,needs_structural_normalization,missing_or_invalid_difficulty|missing_servings|missing_total_time|source_ledger_missing|beginner_review_missing|legacy_ingredient_strings_need_editor_parse|step_v2_fields_missing
7631d252-6459-485c-a12a-279051357d68,브로컬리 단호박스프와 완두콩퓨레,일품,mapped,other,12,legacy_strings,0,12,6,0,false,needs_structural_normalization,missing_or_invalid_difficulty|missing_servings|missing_total_time|source_ledger_missing|beginner_review_missing|legacy_ingredient_strings_need_editor_parse|step_v2_fields_missing
402d5b6d-71ae-4ce1-a8a7-a075d7fb0146,삼색샐러드와두부구이,반찬,mapped,side,12,legacy_strings,0,12,6,0,false,needs_structural_normalization,missing_or_invalid_difficulty|missing_servings|missing_total_time|source_ledger_missing|beginner_review_missing|legacy_ingredient_strings_need_editor_parse|step_v2_fields_missing
2f7c78ec-f950-435f-9092-0ca8792ac52c,새송이등갈비,반찬,mapped,side,10,legacy_strings,0,10,6,0,false,needs_structural_normalization,missing_or_invalid_difficulty|missing_servings|missing_total_time|source_ledger_missing|beginner_review_missing|legacy_ingredient_strings_need_editor_parse|step_v2_fields_missing
dc9b836b-bc6e-4591-8b65-540caade1d2e,설렁탕쑥떡볶이,국&찌개,unresolved,,10,legacy_strings,0,10,6,0,false,needs_structural_normalization,category_unresolved|missing_or_invalid_difficulty|missing_servings|missing_total_time|source_ledger_missing|beginner_review_missing|legacy_ingredient_strings_need_editor_parse|step_v2_fields_missing
74a4dee5-8182-42a5-9374-4c530c814a87,토마토소스 달걀볶음,반찬,mapped,side,7,legacy_strings,0,7,6,0,false,needs_structural_normalization,missing_or_invalid_difficulty|missing_servings|missing_total_time|source_ledger_missing|beginner_review_missing|legacy_ingredient_strings_need_editor_parse|step_v2_fields_missing
da783a98-e7b0-4482-8502-2ec706e5081f,양배추 고기말이,반찬,mapped,side,9,legacy_strings,0,9,6,0,false,needs_structural_normalization,missing_or_invalid_difficulty|missing_servings|missing_total_time|source_ledger_missing|beginner_review_missing|legacy_ingredient_strings_need_editor_parse|step_v2_fields_missing
0846f995-d5ca-497f-b778-76ba536782e0,양배추 쌈말이,반찬,mapped,side,12,legacy_strings,0,12,6,0,false,needs_structural_normalization,missing_or_invalid_difficulty|missing_servings|missing_total_time|source_ledger_missing|beginner_review_missing|legacy_ingredient_strings_need_editor_parse|step_v2_fields_missing
f257cab6-920b-4081-a832-1c15e788e8f0,오렌지 드레싱 타다키 부추샐러드,반찬,mapped,side,12,legacy_strings,0,12,6,0,false,needs_structural_normalization,missing_or_invalid_difficulty|missing_servings|missing_total_time|source_ledger_missing|beginner_review_missing|legacy_ingredient_strings_need_editor_parse|step_v2_fields_missing
0d56d137-dee3-44a5-99b1-055511cdd348,마감자전,반찬,mapped,side,8,legacy_strings,0,8,6,0,false,needs_structural_normalization,missing_or_invalid_difficulty|missing_servings|missing_total_time|source_ledger_missing|beginner_review_missing|legacy_ingredient_strings_need_editor_parse|step_v2_fields_missing
c84d285d-f6dd-4d5e-93e9-aec7c1a55382,배추토란국,국&찌개,unresolved,,8,legacy_strings,0,8,6,0,false,needs_structural_normalization,category_unresolved|missing_or_invalid_difficulty|missing_servings|missing_total_time|source_ledger_missing|beginner_review_missing|legacy_ingredient_strings_need_editor_parse|step_v2_fields_missing
65863821-51d6-4da8-bbcd-8699dfc20d9a,갈치고추장구이,반찬,mapped,side,11,legacy_strings,0,11,6,0,false,needs_structural_normalization,missing_or_invalid_difficulty|missing_servings|missing_total_time|source_ledger_missing|beginner_review_missing|legacy_ingredient_strings_need_editor_parse|step_v2_fields_missing
7421fc55-b8c5-46c4-b4d6-def823aac588,단호박푸딩,후식,mapped,dessert,4,legacy_strings,0,4,6,0,false,needs_structural_normalization,missing_or_invalid_difficulty|missing_servings|missing_total_time|source_ledger_missing|beginner_review_missing|legacy_ingredient_strings_need_editor_parse|step_v2_fields_missing
a73646e3-07a5-46ff-9991-f43585ddad4f,고등어된장구이,반찬,mapped,side,10,legacy_strings,0,10,6,0,false,needs_structural_normalization,missing_or_invalid_difficulty|missing_servings|missing_total_time|source_ledger_missing|beginner_review_missing|legacy_ingredient_strings_need_editor_parse|step_v2_fields_missing
10b0a8cc-e33d-44fb-baeb-fafda712f150,낙지브로콜리볶음,반찬,mapped,side,8,legacy_strings,0,8,6,0,false,needs_structural_normalization,missing_or_invalid_difficulty|missing_servings|missing_total_time|source_ledger_missing|beginner_review_missing|legacy_ingredient_strings_need_editor_parse|step_v2_fields_missing
9313d1c4-454a-43ee-b154-b775bc1fcd8c,주꾸미돌나물무침,반찬,mapped,side,12,legacy_strings,0,12,6,0,false,needs_structural_normalization,missing_or_invalid_difficulty|missing_servings|missing_total_time|source_ledger_missing|beginner_review_missing|legacy_ingredient_strings_need_editor_parse|step_v2_fields_missing
d2e4132a-e740-4d41-b8a4-6ff2b524df64,사과소스폭찹,반찬,mapped,side,11,legacy_strings,0,11,6,0,false,needs_structural_normalization,missing_or_invalid_difficulty|missing_servings|missing_total_time|source_ledger_missing|beginner_review_missing|legacy_ingredient_strings_need_editor_parse|step_v2_fields_missing
813f1917-efed-4eb3-b38a-72b6bf57a72e,실곤약냉파스타,일품,mapped,other,8,legacy_strings,0,8,6,0,false,needs_structural_normalization,missing_or_invalid_difficulty|missing_servings|missing_total_time|source_ledger_missing|beginner_review_missing|legacy_ingredient_strings_need_editor_parse|step_v2_fields_missing
4d28bacc-b5a4-485f-a15c-dbe3e965cf3c,건도토리묵버섯들깨국,국&찌개,unresolved,,11,legacy_strings,0,11,6,0,false,needs_structural_normalization,category_unresolved|missing_or_invalid_difficulty|missing_servings|missing_total_time|source_ledger_missing|beginner_review_missing|legacy_ingredient_strings_need_editor_parse|step_v2_fields_missing
a4fd13e6-b5c6-4a85-a2d4-4233d682e00b,무대하무침,반찬,mapped,side,9,legacy_strings,0,9,6,0,false,needs_structural_normalization,missing_or_invalid_difficulty|missing_servings|missing_total_time|source_ledger_missing|beginner_review_missing|legacy_ingredient_strings_need_editor_parse|step_v2_fields_missing
8cc61141-e379-414e-9211-87cef84d67e1,감자를 곁들인 야채스튜,반찬,mapped,side,15,legacy_strings,0,15,6,0,false,needs_structural_normalization,missing_or_invalid_difficulty|missing_servings|missing_total_time|source_ledger_missing|beginner_review_missing|legacy_ingredient_strings_need_editor_parse|step_v2_fields_missing
642084b8-8784-4031-bfb1-66a5623d8827,간편조기찜,반찬,mapped,side,11,legacy_strings,0,11,6,0,false,needs_structural_normalization,missing_or_invalid_difficulty|missing_servings|missing_total_time|source_ledger_missing|beginner_review_missing|legacy_ingredient_strings_need_editor_parse|step_v2_fields_missing
ead6c7a4-f4f3-4e91-bfa9-db57f54a46e4,표고버섯쇠고기찜,반찬,mapped,side,9,legacy_strings,0,9,6,0,false,needs_structural_normalization,missing_or_invalid_difficulty|missing_servings|missing_total_time|source_ledger_missing|beginner_review_missing|legacy_ingredient_strings_need_editor_parse|step_v2_fields_missing
89f6c320-e538-44c9-8ac0-7d1f2940980a,참나물돼지고기샐러드,반찬,mapped,side,14,legacy_strings,0,14,6,0,false,needs_structural_normalization,missing_or_invalid_difficulty|missing_servings|missing_total_time|source_ledger_missing|beginner_review_missing|legacy_ingredient_strings_need_editor_parse|step_v2_fields_missing
052422b5-4fce-4481-8311-17eaa009a76d,연근배추홍시샐러드,반찬,mapped,side,11,legacy_strings,0,11,6,0,false,needs_structural_normalization,missing_or_invalid_difficulty|missing_servings|missing_total_time|source_ledger_missing|beginner_review_missing|legacy_ingredient_strings_need_editor_parse|step_v2_fields_missing
2cd4e46a-fa12-449e-8ef7-a320fb6cfbb7,열무곤약국수,일품,mapped,other,8,legacy_strings,0,8,6,0,false,needs_structural_normalization,missing_or_invalid_difficulty|missing_servings|missing_total_time|source_ledger_missing|beginner_review_missing|legacy_ingredient_strings_need_editor_parse|step_v2_fields_missing
86461591-7f3d-4eaf-b137-a3164349b31b,장어구이,반찬,mapped,side,11,legacy_strings,0,11,6,0,false,needs_structural_normalization,missing_or_invalid_difficulty|missing_servings|missing_total_time|source_ledger_missing|beginner_review_missing|legacy_ingredient_strings_need_editor_parse|step_v2_fields_missing
7fc5125f-9229-410b-b5b4-6515b0da5105,안심스테이크,반찬,mapped,side,13,legacy_strings,0,13,6,0,false,needs_structural_normalization,missing_or_invalid_difficulty|missing_servings|missing_total_time|source_ledger_missing|beginner_review_missing|legacy_ingredient_strings_need_editor_parse|step_v2_fields_missing
c61f35d8-cda0-4312-8868-5535affea748,명란프리타타,반찬,mapped,side,7,legacy_strings,0,7,6,0,false,needs_structural_normalization,missing_or_invalid_difficulty|missing_servings|missing_total_time|source_ledger_missing|beginner_review_missing|legacy_ingredient_strings_need_editor_parse|step_v2_fields_missing
59e96583-7b33-40f7-80c2-b24ad0a3f2bf,로제파스타,일품,mapped,other,13,legacy_strings,0,13,6,0,false,needs_structural_normalization,missing_or_invalid_difficulty|missing_servings|missing_total_time|source_ledger_missing|beginner_review_missing|legacy_ingredient_strings_need_editor_parse|step_v2_fields_missing
5e794500-7927-44f2-9446-3568d2d5fb99,사과비트에이드,후식,mapped,dessert,4,legacy_strings,0,4,6,0,false,needs_structural_normalization,missing_or_invalid_difficulty|missing_servings|missing_total_time|source_ledger_missing|beginner_review_missing|legacy_ingredient_strings_need_editor_parse|step_v2_fields_missing
6d5f656b-8ad7-4114-8167-adac100277a0,가지라따뚜이,반찬,mapped,side,9,legacy_strings,0,9,6,0,false,needs_structural_normalization,missing_or_invalid_difficulty|missing_servings|missing_total_time|source_ledger_missing|beginner_review_missing|legacy_ingredient_strings_need_editor_parse|step_v2_fields_missing
fdea7b60-fc0e-450e-a10a-eaa97ee2119b,쪽갈비구이,반찬,mapped,side,14,legacy_strings,0,14,6,0,false,needs_structural_normalization,missing_or_invalid_difficulty|missing_servings|missing_total_time|source_ledger_missing|beginner_review_missing|legacy_ingredient_strings_need_editor_parse|step_v2_fields_missing
05ebf123-c296-4d93-bb79-93538ba5d36b,베이컨밀푀유,국&찌개,unresolved,,19,legacy_strings,0,19,5,0,false,needs_structural_normalization,category_unresolved|missing_or_invalid_difficulty|missing_servings|missing_total_time|source_ledger_missing|beginner_review_missing|legacy_ingredient_strings_need_editor_parse|step_v2_fields_missing
1a5fd02a-920c-4cfd-b797-a1862a81a345,방아잎 닭고기말이,반찬,mapped,side,19,legacy_strings,0,19,6,0,false,needs_structural_normalization,missing_or_invalid_difficulty|missing_servings|missing_total_time|source_ledger_missing|beginner_review_missing|legacy_ingredient_strings_need_editor_parse|step_v2_fields_missing
8b8a1312-ba1a-405d-914a-34e7efccf0d9,양송이구이,반찬,mapped,side,10,legacy_strings,0,10,6,0,false,needs_structural_normalization,missing_or_invalid_difficulty|missing_servings|missing_total_time|source_ledger_missing|beginner_review_missing|legacy_ingredient_strings_need_editor_parse|step_v2_fields_missing
5bcab3f9-b484-482e-9117-4aecd3aba28e,함초김치,반찬,mapped,side,10,legacy_strings,0,10,6,0,false,needs_structural_normalization,missing_or_invalid_difficulty|missing_servings|missing_total_time|source_ledger_missing|beginner_review_missing|legacy_ingredient_strings_need_editor_parse|step_v2_fields_missing
ecec18ed-6c95-4ed3-915e-7a91dbacd8d4,연어스테이크,일품,mapped,other,14,legacy_strings,0,14,6,0,false,needs_structural_normalization,missing_or_invalid_difficulty|missing_servings|missing_total_time|source_ledger_missing|beginner_review_missing|legacy_ingredient_strings_need_editor_parse|step_v2_fields_missing
0ab29349-aa34-42b3-bcba-1364be736756,웰빙꼬치,반찬,mapped,side,16,legacy_strings,0,16,6,0,false,needs_structural_normalization,missing_or_invalid_difficulty|missing_servings|missing_total_time|source_ledger_missing|beginner_review_missing|legacy_ingredient_strings_need_editor_parse|step_v2_fields_missing
4433bf8f-6052-4e2b-a438-d85860c2f69e,완두콩과 당근을 넣은 감자요거트 샐러드,기타,mapped,other,4,legacy_strings,0,4,6,0,false,needs_structural_normalization,missing_or_invalid_difficulty|missing_servings|missing_total_time|source_ledger_missing|beginner_review_missing|legacy_ingredient_strings_need_editor_parse|step_v2_fields_missing
031a0700-0af1-43ae-b28c-74c33c4912f2,마들깨미역국,국&찌개,unresolved,,7,legacy_strings,0,7,6,0,false,needs_structural_normalization,category_unresolved|missing_or_invalid_difficulty|missing_servings|missing_total_time|source_ledger_missing|beginner_review_missing|legacy_ingredient_strings_need_editor_parse|step_v2_fields_missing
016b9865-c3dc-4dab-9d76-e66865d93ee5,매운닭날개구이,반찬,mapped,side,12,legacy_strings,0,12,6,0,false,needs_structural_normalization,missing_or_invalid_difficulty|missing_servings|missing_total_time|source_ledger_missing|beginner_review_missing|legacy_ingredient_strings_need_editor_parse|step_v2_fields_missing
4dd20e88-a5ec-4ca1-a5f6-87d29cba3ee3,웰빙카레죽,반찬,mapped,side,10,legacy_strings,0,10,6,0,false,needs_structural_normalization,missing_or_invalid_difficulty|missing_servings|missing_total_time|source_ledger_missing|beginner_review_missing|legacy_ingredient_strings_need_editor_parse|step_v2_fields_missing
7610c90d-67bd-43b7-aaf2-03889268b300,닭가슴살 두부선,반찬,mapped,side,12,legacy_strings,0,12,6,0,false,needs_structural_normalization,missing_or_invalid_difficulty|missing_servings|missing_total_time|source_ledger_missing|beginner_review_missing|legacy_ingredient_strings_need_editor_parse|step_v2_fields_missing
18d669df-5e9f-4749-8f24-d86ab9a139af,단호박 마전,반찬,mapped,side,6,legacy_strings,0,6,6,0,false,needs_structural_normalization,missing_or_invalid_difficulty|missing_servings|missing_total_time|source_ledger_missing|beginner_review_missing|legacy_ingredient_strings_need_editor_parse|step_v2_fields_missing
05d409fa-8528-463f-b926-56d114735fe7,라이스페이퍼 수제소시지,반찬,mapped,side,13,legacy_strings,0,13,6,0,false,needs_structural_normalization,missing_or_invalid_difficulty|missing_servings|missing_total_time|source_ledger_missing|beginner_review_missing|legacy_ingredient_strings_need_editor_parse|step_v2_fields_missing
a9b47b43-e732-45e6-948a-c357aed68f6f,무오색쌈,반찬,mapped,side,14,legacy_strings,0,14,6,0,false,needs_structural_normalization,missing_or_invalid_difficulty|missing_servings|missing_total_time|source_ledger_missing|beginner_review_missing|legacy_ingredient_strings_need_editor_parse|step_v2_fields_missing
ccda07c2-226d-4257-9fe1-f8b9dd8bb763,흑마늘견과류조림,반찬,mapped,side,11,legacy_strings,0,11,6,0,false,needs_structural_normalization,missing_or_invalid_difficulty|missing_servings|missing_total_time|source_ledger_missing|beginner_review_missing|legacy_ingredient_strings_need_editor_parse|step_v2_fields_missing
88ce9e94-3244-464f-b13f-8ae8fedde20d,고구마 찰 빵,기타,mapped,other,12,legacy_strings,0,12,6,0,false,needs_structural_normalization,missing_or_invalid_difficulty|missing_servings|missing_total_time|source_ledger_missing|beginner_review_missing|legacy_ingredient_strings_need_editor_parse|step_v2_fields_missing
627c6519-3914-4dcd-8499-80bccbe86f68,브로콜리견과류복음,반찬,mapped,side,5,legacy_strings,0,5,6,0,false,needs_structural_normalization,missing_or_invalid_difficulty|missing_servings|missing_total_time|source_ledger_missing|beginner_review_missing|legacy_ingredient_strings_need_editor_parse|step_v2_fields_missing
f510af8d-d3e6-44e4-8848-3856774cafa0,검은콩 크림빵,기타,mapped,other,12,legacy_strings,0,12,6,0,false,needs_structural_normalization,missing_or_invalid_difficulty|missing_servings|missing_total_time|source_ledger_missing|beginner_review_missing|legacy_ingredient_strings_need_editor_parse|step_v2_fields_missing
c462d384-0b06-424e-9bc4-7195d12e7e27,유린기,반찬,mapped,side,17,legacy_strings,0,17,6,0,false,needs_structural_normalization,missing_or_invalid_difficulty|missing_servings|missing_total_time|source_ledger_missing|beginner_review_missing|legacy_ingredient_strings_need_editor_parse|step_v2_fields_missing
135272d2-3508-48c2-84dc-98f98941cab3,단호박 호밀빵,기타,mapped,other,9,legacy_strings,0,9,6,0,false,needs_structural_normalization,missing_or_invalid_difficulty|missing_servings|missing_total_time|source_ledger_missing|beginner_review_missing|legacy_ingredient_strings_need_editor_parse|step_v2_fields_missing
360d9842-d370-42b1-822f-4f9fe0e197ca,미숫가루 스콘,기타,mapped,other,9,legacy_strings,0,9,6,0,false,needs_structural_normalization,missing_or_invalid_difficulty|missing_servings|missing_total_time|source_ledger_missing|beginner_review_missing|legacy_ingredient_strings_need_editor_parse|step_v2_fields_missing
a73a848e-6f93-4355-866f-38e5b655c1ec,고구마 공갈빵,기타,mapped,other,7,legacy_strings,0,7,6,0,false,needs_structural_normalization,missing_or_invalid_difficulty|missing_servings|missing_total_time|source_ledger_missing|beginner_review_missing|legacy_ingredient_strings_need_editor_parse|step_v2_fields_missing
6dca7635-cad1-4931-86a6-0cdf17514797,오이 소르베,후식,mapped,dessert,6,legacy_strings,0,6,5,0,false,needs_structural_normalization,missing_or_invalid_difficulty|missing_servings|missing_total_time|source_ledger_missing|beginner_review_missing|legacy_ingredient_strings_need_editor_parse|step_v2_fields_missing
8bc742e3-4db2-4c78-8c04-db9e9efd594a,리코타치즈 카프레제,후식,mapped,dessert,5,legacy_strings,0,5,5,0,false,needs_structural_normalization,missing_or_invalid_difficulty|missing_servings|missing_total_time|source_ledger_missing|beginner_review_missing|legacy_ingredient_strings_need_editor_parse|step_v2_fields_missing
2961086f-c170-4a59-9d95-4fe23de3af42,연두부 카프레제,후식,mapped,dessert,10,legacy_strings,0,10,6,0,false,needs_structural_normalization,missing_or_invalid_difficulty|missing_servings|missing_total_time|source_ledger_missing|beginner_review_missing|legacy_ingredient_strings_need_editor_parse|step_v2_fields_missing
2bdeac64-5003-4027-8ab3-5b6dce5b18b9,연두부 토마토,일품,mapped,other,8,legacy_strings,0,8,5,0,false,needs_structural_normalization,missing_or_invalid_difficulty|missing_servings|missing_total_time|source_ledger_missing|beginner_review_missing|legacy_ingredient_strings_need_editor_parse|step_v2_fields_missing
f4a263fd-bf9f-47f8-a55b-d8d50f9c4de1,코울슬로샐러드,반찬,mapped,side,7,legacy_strings,0,7,6,0,false,needs_structural_normalization,missing_or_invalid_difficulty|missing_servings|missing_total_time|source_ledger_missing|beginner_review_missing|legacy_ingredient_strings_need_editor_parse|step_v2_fields_missing
fc78c7b7-42da-448b-8da6-892f8a4d1f21,치즈토마토 가지구이,일품,mapped,other,12,legacy_strings,0,12,6,0,false,needs_structural_normalization,missing_or_invalid_difficulty|missing_servings|missing_total_time|source_ledger_missing|beginner_review_missing|legacy_ingredient_strings_need_editor_parse|step_v2_fields_missing
1f8927b8-4ba5-43a7-a3c5-9a436261d8e2,들깨삼겹살과 참외쌈장,반찬,mapped,side,17,legacy_strings,0,17,6,0,false,needs_structural_normalization,missing_or_invalid_difficulty|missing_servings|missing_total_time|source_ledger_missing|beginner_review_missing|legacy_ingredient_strings_need_editor_parse|step_v2_fields_missing
d14c416c-1c3d-4561-9e72-ad51c4bfe7dd,돼지고기 포두부 파스타,기타,mapped,other,13,legacy_strings,0,13,6,0,false,needs_structural_normalization,missing_or_invalid_difficulty|missing_servings|missing_total_time|source_ledger_missing|beginner_review_missing|legacy_ingredient_strings_need_editor_parse|step_v2_fields_missing
1727a133-e6a0-420c-b75a-fd30ca252984,단호박 양파잼 샌드위치,기타,mapped,other,13,legacy_strings,0,13,6,0,false,needs_structural_normalization,missing_or_invalid_difficulty|missing_servings|missing_total_time|source_ledger_missing|beginner_review_missing|legacy_ingredient_strings_need_editor_parse|step_v2_fields_missing
a4368873-4968-4d5c-9098-2b0e6a75ea99,시금치크림치즈 빵,기타,mapped,other,17,legacy_strings,0,17,6,0,false,needs_structural_normalization,missing_or_invalid_difficulty|missing_servings|missing_total_time|source_ledger_missing|beginner_review_missing|legacy_ingredient_strings_need_editor_parse|step_v2_fields_missing
b291c253-727f-4144-aeab-38252328c1c4,무말랭이김치,반찬,mapped,side,8,legacy_strings,0,8,6,0,false,needs_structural_normalization,missing_or_invalid_difficulty|missing_servings|missing_total_time|source_ledger_missing|beginner_review_missing|legacy_ingredient_strings_need_editor_parse|step_v2_fields_missing
1baca16f-6f5e-4256-9d8f-229f9b12eae4,바지락맑은국,국&찌개,unresolved,,9,legacy_strings,0,9,6,0,false,needs_structural_normalization,category_unresolved|missing_or_invalid_difficulty|missing_servings|missing_total_time|source_ledger_missing|beginner_review_missing|legacy_ingredient_strings_need_editor_parse|step_v2_fields_missing
a73e267e-9f73-4118-aa10-3d90c00f85e8,통배추 겉절이,반찬,mapped,side,10,legacy_strings,0,10,6,0,false,needs_structural_normalization,missing_or_invalid_difficulty|missing_servings|missing_total_time|source_ledger_missing|beginner_review_missing|legacy_ingredient_strings_need_editor_parse|step_v2_fields_missing
480c80fd-88a0-448d-8e44-b143bbd94ebb,포니언 스프,일품,mapped,other,8,legacy_strings,0,8,6,0,false,needs_structural_normalization,missing_or_invalid_difficulty|missing_servings|missing_total_time|source_ledger_missing|beginner_review_missing|legacy_ingredient_strings_need_editor_parse|step_v2_fields_missing
62cdcfa5-4041-41b8-b4cf-912e13134f4f,두부샐러드 메밀김밥,일품,mapped,other,18,legacy_strings,0,18,6,0,false,needs_structural_normalization,missing_or_invalid_difficulty|missing_servings|missing_total_time|source_ledger_missing|beginner_review_missing|legacy_ingredient_strings_need_editor_parse|step_v2_fields_missing
6bb67b9b-2f02-4ac6-9ad9-d63427879dcb,토마토 해물누룽지탕,국&찌개,unresolved,,26,legacy_strings,0,26,6,0,false,needs_structural_normalization,category_unresolved|missing_or_invalid_difficulty|missing_servings|missing_total_time|source_ledger_missing|beginner_review_missing|legacy_ingredient_strings_need_editor_parse|step_v2_fields_missing
e8a0b21e-395c-4f36-bd4e-aef6edb7aafa,가지 탕수육,일품,mapped,other,12,legacy_strings,0,12,6,0,false,needs_structural_normalization,missing_or_invalid_difficulty|missing_servings|missing_total_time|source_ledger_missing|beginner_review_missing|legacy_ingredient_strings_need_editor_parse|step_v2_fields_missing
ac9df139-46d6-4f48-bafa-4bada891c023,토마토소스 애호박냉파스타,기타,mapped,other,15,legacy_strings,0,15,6,0,false,needs_structural_normalization,missing_or_invalid_difficulty|missing_servings|missing_total_time|source_ledger_missing|beginner_review_missing|legacy_ingredient_strings_need_editor_parse|step_v2_fields_missing
d9ba1055-13ca-4c46-b4c1-ebb106df1fb2,새우채소 김치롤,반찬,mapped,side,10,legacy_strings,0,10,6,0,false,needs_structural_normalization,missing_or_invalid_difficulty|missing_servings|missing_total_time|source_ledger_missing|beginner_review_missing|legacy_ingredient_strings_need_editor_parse|step_v2_fields_missing
9401352a-7370-43c4-ab84-e310a9fc161b,떡순이 두부쌈,일품,mapped,other,14,legacy_strings,0,14,6,0,false,needs_structural_normalization,missing_or_invalid_difficulty|missing_servings|missing_total_time|source_ledger_missing|beginner_review_missing|legacy_ingredient_strings_need_editor_parse|step_v2_fields_missing
5b327ab1-8bf5-497b-8d63-18454641c479,토마토채소스프와 연어소바찜,일품,mapped,other,9,legacy_strings,0,9,6,0,false,needs_structural_normalization,missing_or_invalid_difficulty|missing_servings|missing_total_time|source_ledger_missing|beginner_review_missing|legacy_ingredient_strings_need_editor_parse|step_v2_fields_missing
12d98749-596f-4bab-8eaa-faede6ec9c16,참나물무말이 물김치,반찬,mapped,side,9,legacy_strings,0,9,6,0,false,needs_structural_normalization,missing_or_invalid_difficulty|missing_servings|missing_total_time|source_ledger_missing|beginner_review_missing|legacy_ingredient_strings_need_editor_parse|step_v2_fields_missing
b45114d1-fba8-4e8c-9a83-d4458353e598,소고기 무국,국&찌개,unresolved,,7,legacy_strings,0,7,6,0,false,needs_structural_normalization,category_unresolved|missing_or_invalid_difficulty|missing_servings|missing_total_time|source_ledger_missing|beginner_review_missing|legacy_ingredient_strings_need_editor_parse|step_v2_fields_missing
c343b862-50b0-4416-bf1e-d6cea0044214,매운락교무침,반찬,mapped,side,7,legacy_strings,0,7,6,0,false,needs_structural_normalization,missing_or_invalid_difficulty|missing_servings|missing_total_time|source_ledger_missing|beginner_review_missing|legacy_ingredient_strings_need_editor_parse|step_v2_fields_missing
23d9b0dc-4fcd-4121-896e-3ed8888998eb,채소초밥,일품,mapped,other,15,legacy_strings,0,15,6,0,false,needs_structural_normalization,missing_or_invalid_difficulty|missing_servings|missing_total_time|source_ledger_missing|beginner_review_missing|legacy_ingredient_strings_need_editor_parse|step_v2_fields_missing
dd4adf40-3a28-4645-9135-2f3ce37f0f5a,꽃게바지락찌개,국&찌개,unresolved,,14,legacy_strings,0,14,6,0,false,needs_structural_normalization,category_unresolved|missing_or_invalid_difficulty|missing_servings|missing_total_time|source_ledger_missing|beginner_review_missing|legacy_ingredient_strings_need_editor_parse|step_v2_fields_missing
ab1c3cc1-83c7-4153-86a8-d2d915522ef0,새뱅이찌개,국&찌개,unresolved,,15,legacy_strings,0,15,6,0,false,needs_structural_normalization,category_unresolved|missing_or_invalid_difficulty|missing_servings|missing_total_time|source_ledger_missing|beginner_review_missing|legacy_ingredient_strings_need_editor_parse|step_v2_fields_missing
7760459a-c917-4a86-8cc4-4b4a346c33fb,황태미역국,국&찌개,unresolved,,10,legacy_strings,0,10,6,0,false,needs_structural_normalization,category_unresolved|missing_or_invalid_difficulty|missing_servings|missing_total_time|source_ledger_missing|beginner_review_missing|legacy_ingredient_strings_need_editor_parse|step_v2_fields_missing
c107b5c7-95a5-4a9d-bc44-a2aa1605ae6f,매실입은가지닭볶음탕,반찬,mapped,side,11,legacy_strings,0,11,6,0,false,needs_structural_normalization,missing_or_invalid_difficulty|missing_servings|missing_total_time|source_ledger_missing|beginner_review_missing|legacy_ingredient_strings_need_editor_parse|step_v2_fields_missing
4a2f7b42-4e0b-455b-acd1-9569ba97254d,홍시잼 식빵,기타,mapped,other,8,legacy_strings,0,8,6,0,false,needs_structural_normalization,missing_or_invalid_difficulty|missing_servings|missing_total_time|source_ledger_missing|beginner_review_missing|legacy_ingredient_strings_need_editor_parse|step_v2_fields_missing
d22ee1ad-1197-4d53-9330-06e07d95f682,콩가루 소보로,기타,mapped,other,15,legacy_strings,0,15,6,0,false,needs_structural_normalization,missing_or_invalid_difficulty|missing_servings|missing_total_time|source_ledger_missing|beginner_review_missing|legacy_ingredient_strings_need_editor_parse|step_v2_fields_missing
d032aec0-fdb1-4bc5-9f30-c5140f8cc249,곤약 가스,일품,mapped,other,14,legacy_strings,0,14,6,0,false,needs_structural_normalization,missing_or_invalid_difficulty|missing_servings|missing_total_time|source_ledger_missing|beginner_review_missing|legacy_ingredient_strings_need_editor_parse|step_v2_fields_missing
08ac8fc8-cef9-440a-a43e-ceecc0d8bd66,두부크림 관자뇨키,일품,mapped,other,12,legacy_strings,0,12,6,0,false,needs_structural_normalization,missing_or_invalid_difficulty|missing_servings|missing_total_time|source_ledger_missing|beginner_review_missing|legacy_ingredient_strings_need_editor_parse|step_v2_fields_missing
797b9ed2-1c58-4c84-8b8d-381d51384833,"삼색나물, 토마토양념장",반찬,mapped,side,11,legacy_strings,0,11,6,0,false,needs_structural_normalization,missing_or_invalid_difficulty|missing_servings|missing_total_time|source_ledger_missing|beginner_review_missing|legacy_ingredient_strings_need_editor_parse|step_v2_fields_missing
15be2a22-627d-44de-a305-ba0f926053e5,삼색 브레드 스틱,기타,mapped,other,10,legacy_strings,0,10,6,0,false,needs_structural_normalization,missing_or_invalid_difficulty|missing_servings|missing_total_time|source_ledger_missing|beginner_review_missing|legacy_ingredient_strings_need_editor_parse|step_v2_fields_missing
f83b4c54-5355-4d91-8ce2-94afd63d8f60,양배추말이 김치,반찬,mapped,side,8,legacy_strings,0,8,5,0,false,needs_structural_normalization,missing_or_invalid_difficulty|missing_servings|missing_total_time|source_ledger_missing|beginner_review_missing|legacy_ingredient_strings_need_editor_parse|step_v2_fields_missing
5e44798d-af24-445a-abce-3742f5519a09,단호박 양고기볶음,반찬,mapped,side,12,legacy_strings,0,12,6,0,false,needs_structural_normalization,missing_or_invalid_difficulty|missing_servings|missing_total_time|source_ledger_missing|beginner_review_missing|legacy_ingredient_strings_need_editor_parse|step_v2_fields_missing
736d152a-c1e2-4e3d-94a5-db1d147fae46,채소 프리타타,반찬,mapped,side,17,legacy_strings,0,17,6,0,false,needs_structural_normalization,missing_or_invalid_difficulty|missing_servings|missing_total_time|source_ledger_missing|beginner_review_missing|legacy_ingredient_strings_need_editor_parse|step_v2_fields_missing
d211172d-7aff-4272-9b3b-6f2cefe09269,고등어 라따뚜이 파스타,일품,mapped,other,16,legacy_strings,0,16,6,0,false,needs_structural_normalization,missing_or_invalid_difficulty|missing_servings|missing_total_time|source_ledger_missing|beginner_review_missing|legacy_ingredient_strings_need_editor_parse|step_v2_fields_missing
3b78b894-51c2-4f9d-8780-67e75e4db745,과카몰리 갈치구이,반찬,mapped,side,12,legacy_strings,0,12,6,0,false,needs_structural_normalization,missing_or_invalid_difficulty|missing_servings|missing_total_time|source_ledger_missing|beginner_review_missing|legacy_ingredient_strings_need_editor_parse|step_v2_fields_missing
3679c311-655c-4f25-8f81-474333df53f1,배추겉절이,반찬,mapped,side,14,legacy_strings,0,14,6,0,false,needs_structural_normalization,missing_or_invalid_difficulty|missing_servings|missing_total_time|source_ledger_missing|beginner_review_missing|legacy_ingredient_strings_need_editor_parse|step_v2_fields_missing
cff1ae91-5bcf-40da-b4b4-33e89e099fb5,홍시에이드,후식,mapped,dessert,4,legacy_strings,0,4,6,0,false,needs_structural_normalization,missing_or_invalid_difficulty|missing_servings|missing_total_time|source_ledger_missing|beginner_review_missing|legacy_ingredient_strings_need_editor_parse|step_v2_fields_missing
7e50a8e5-9729-433d-a605-1b9ea162d698,낙지묵은지콩나물국,국&찌개,unresolved,,11,legacy_strings,0,11,6,0,false,needs_structural_normalization,category_unresolved|missing_or_invalid_difficulty|missing_servings|missing_total_time|source_ledger_missing|beginner_review_missing|legacy_ingredient_strings_need_editor_parse|step_v2_fields_missing
89043dee-c892-4e76-a420-13e5d01d5833,자색고구마 버터크림 빵,기타,mapped,other,16,legacy_strings,0,16,6,0,false,needs_structural_normalization,missing_or_invalid_difficulty|missing_servings|missing_total_time|source_ledger_missing|beginner_review_missing|legacy_ingredient_strings_need_editor_parse|step_v2_fields_missing
ed08f984-f604-4145-ad18-68970b7a0b42,치아바타 피자빵,기타,mapped,other,12,legacy_strings,0,12,6,0,false,needs_structural_normalization,missing_or_invalid_difficulty|missing_servings|missing_total_time|source_ledger_missing|beginner_review_missing|legacy_ingredient_strings_need_editor_parse|step_v2_fields_missing
44d0fe6b-66ca-4cd1-b76a-edc3f4046a4d,토마토 채소 계란찜,반찬,mapped,side,9,legacy_strings,0,9,6,0,false,needs_structural_normalization,missing_or_invalid_difficulty|missing_servings|missing_total_time|source_ledger_missing|beginner_review_missing|legacy_ingredient_strings_need_editor_parse|step_v2_fields_missing
23c7995e-217a-4650-b4f9-f0ed9f88faf0,치즈 단호박,일품,mapped,other,9,legacy_strings,0,9,6,0,false,needs_structural_normalization,missing_or_invalid_difficulty|missing_servings|missing_total_time|source_ledger_missing|beginner_review_missing|legacy_ingredient_strings_need_editor_parse|step_v2_fields_missing
dea40d5a-1016-44d9-b95e-94854beb8fab,강황 투움바 파스타,기타,mapped,other,20,legacy_strings,0,20,6,0,false,needs_structural_normalization,missing_or_invalid_difficulty|missing_servings|missing_total_time|source_ledger_missing|beginner_review_missing|legacy_ingredient_strings_need_editor_parse|step_v2_fields_missing
f1c4a829-e2b9-4496-a8d3-152e39dd2119,깻잎 쌈두부 라자냐,반찬,mapped,side,19,legacy_strings,0,19,6,0,false,needs_structural_normalization,missing_or_invalid_difficulty|missing_servings|missing_total_time|source_ledger_missing|beginner_review_missing|legacy_ingredient_strings_need_editor_parse|step_v2_fields_missing
76448882-b1e5-4b39-b652-29ae1c87977b,참깨가지말이밥,밥,mapped,rice,14,legacy_strings,0,14,6,0,false,needs_structural_normalization,missing_or_invalid_difficulty|missing_servings|missing_total_time|source_ledger_missing|beginner_review_missing|legacy_ingredient_strings_need_editor_parse|step_v2_fields_missing
64d4aa8b-83af-4938-97c1-5a8044682737,찹쌀 흰살 생선찜,일품,mapped,other,14,legacy_strings,0,14,6,0,false,needs_structural_normalization,missing_or_invalid_difficulty|missing_servings|missing_total_time|source_ledger_missing|beginner_review_missing|legacy_ingredient_strings_need_editor_parse|step_v2_fields_missing
0cdcce78-5e87-448c-907c-d7eb4a32464a,깻잎퓌레를 곁들인 삼치새우,일품,mapped,other,18,legacy_strings,0,18,6,0,false,needs_structural_normalization,missing_or_invalid_difficulty|missing_servings|missing_total_time|source_ledger_missing|beginner_review_missing|legacy_ingredient_strings_need_editor_parse|step_v2_fields_missing
ba7f4bc6-3da8-4285-925b-b4d591f10a24,참나물페스토 파스타,일품,mapped,other,6,legacy_strings,0,6,6,0,false,needs_structural_normalization,missing_or_invalid_difficulty|missing_servings|missing_total_time|source_ledger_missing|beginner_review_missing|legacy_ingredient_strings_need_editor_parse|step_v2_fields_missing
7cc75116-9cbe-427a-b496-e73255da0cbb,카레삼겹살 파니니,기타,mapped,other,16,legacy_strings,0,16,6,0,false,needs_structural_normalization,missing_or_invalid_difficulty|missing_servings|missing_total_time|source_ledger_missing|beginner_review_missing|legacy_ingredient_strings_need_editor_parse|step_v2_fields_missing
c51adc11-fee2-4bbd-965f-f2014c492b8a,두부 새우볼,일품,mapped,other,12,legacy_strings,0,12,6,0,false,needs_structural_normalization,missing_or_invalid_difficulty|missing_servings|missing_total_time|source_ledger_missing|beginner_review_missing|legacy_ingredient_strings_need_editor_parse|step_v2_fields_missing
7e1bcf14-2d6e-4c9c-b5d5-92c078807f16,어린잎채소 건두부말이,기타,mapped,other,8,legacy_strings,0,8,6,0,false,needs_structural_normalization,missing_or_invalid_difficulty|missing_servings|missing_total_time|source_ledger_missing|beginner_review_missing|legacy_ingredient_strings_need_editor_parse|step_v2_fields_missing
520334c3-a81a-40c5-bead-d00ae733de4b,해산물 완자볼을 곁들인 양장피 콩국수,일품,mapped,other,18,legacy_strings,0,18,6,0,false,needs_structural_normalization,missing_or_invalid_difficulty|missing_servings|missing_total_time|source_ledger_missing|beginner_review_missing|legacy_ingredient_strings_need_editor_parse|step_v2_fields_missing
8505e63c-82d9-49b9-9873-a50cf108dc45,토마토를 곁들인 마늘밥,밥,mapped,rice,8,legacy_strings,0,8,6,0,false,needs_structural_normalization,missing_or_invalid_difficulty|missing_servings|missing_total_time|source_ledger_missing|beginner_review_missing|legacy_ingredient_strings_need_editor_parse|step_v2_fields_missing
a0ec60a6-9def-4a59-bab8-f392cad56cfb,낙전새 카레볶음밥,밥,mapped,rice,15,legacy_strings,0,15,6,0,false,needs_structural_normalization,missing_or_invalid_difficulty|missing_servings|missing_total_time|source_ledger_missing|beginner_review_missing|legacy_ingredient_strings_need_editor_parse|step_v2_fields_missing
b521f895-3779-452c-bf44-83b0844a29a8,바지락가자미완탕국,국&찌개,unresolved,,13,legacy_strings,0,13,6,0,false,needs_structural_normalization,category_unresolved|missing_or_invalid_difficulty|missing_servings|missing_total_time|source_ledger_missing|beginner_review_missing|legacy_ingredient_strings_need_editor_parse|step_v2_fields_missing
4a299406-467e-4ca4-b34e-4c82ac3ffb44,저염보쌈김치,반찬,mapped,side,19,legacy_strings,0,19,6,0,false,needs_structural_normalization,missing_or_invalid_difficulty|missing_servings|missing_total_time|source_ledger_missing|beginner_review_missing|legacy_ingredient_strings_need_editor_parse|step_v2_fields_missing
ecb65625-f4c8-4266-a973-8bc7a121b255,새우게살 파프리카롤,일품,mapped,other,15,legacy_strings,0,15,6,0,false,needs_structural_normalization,missing_or_invalid_difficulty|missing_servings|missing_total_time|source_ledger_missing|beginner_review_missing|legacy_ingredient_strings_need_editor_parse|step_v2_fields_missing
dda599fd-5c7f-40d6-9bdb-8433d2afd962,콩국물소스를 곁들인 게살 냉채,일품,mapped,other,11,legacy_strings,0,11,6,0,false,needs_structural_normalization,missing_or_invalid_difficulty|missing_servings|missing_total_time|source_ledger_missing|beginner_review_missing|legacy_ingredient_strings_need_editor_parse|step_v2_fields_missing
c3b2f2bf-e107-4f59-979a-9a28611b4316,새우 카레 빠에야,밥,mapped,rice,11,legacy_strings,0,11,6,0,false,needs_structural_normalization,missing_or_invalid_difficulty|missing_servings|missing_total_time|source_ledger_missing|beginner_review_missing|legacy_ingredient_strings_need_editor_parse|step_v2_fields_missing
94283249-1590-49fe-a99e-55abbbfb0cde,오징어 가라아게&칠리소스,반찬,mapped,side,11,legacy_strings,0,11,6,0,false,needs_structural_normalization,missing_or_invalid_difficulty|missing_servings|missing_total_time|source_ledger_missing|beginner_review_missing|legacy_ingredient_strings_need_editor_parse|step_v2_fields_missing
047c31d8-5f0d-4110-b95b-a181d3a0e9e2,토마토 채소 가지롤,반찬,mapped,side,17,legacy_strings,0,17,6,0,false,needs_structural_normalization,missing_or_invalid_difficulty|missing_servings|missing_total_time|source_ledger_missing|beginner_review_missing|legacy_ingredient_strings_need_editor_parse|step_v2_fields_missing
fffb3047-c837-4cf3-b44a-ca30dd3cb437,토마토시금치 닭볶음탕,반찬,mapped,side,14,legacy_strings,0,14,6,0,false,needs_structural_normalization,missing_or_invalid_difficulty|missing_servings|missing_total_time|source_ledger_missing|beginner_review_missing|legacy_ingredient_strings_need_editor_parse|step_v2_fields_missing
9f46a5f1-5269-414f-a010-af329be0f7a3,크림카레소스를 곁들인 함초두부스테이크,기타,mapped,other,16,legacy_strings,0,16,6,0,false,needs_structural_normalization,missing_or_invalid_difficulty|missing_servings|missing_total_time|source_ledger_missing|beginner_review_missing|legacy_ingredient_strings_need_editor_parse|step_v2_fields_missing
4ea6b97e-a417-45f2-8cd5-f403de21eefb,콜라비 깍두기,반찬,mapped,side,10,legacy_strings,0,10,6,0,false,needs_structural_normalization,missing_or_invalid_difficulty|missing_servings|missing_total_time|source_ledger_missing|beginner_review_missing|legacy_ingredient_strings_need_editor_parse|step_v2_fields_missing
f4e717eb-095d-4468-8eb2-b368f335ece8,비타 오이 물김치,반찬,mapped,side,10,legacy_strings,0,10,6,0,false,needs_structural_normalization,missing_or_invalid_difficulty|missing_servings|missing_total_time|source_ledger_missing|beginner_review_missing|legacy_ingredient_strings_need_editor_parse|step_v2_fields_missing
549fd90a-5bf2-4905-bc9f-1e46079897e6,감자미역국,국&찌개,unresolved,,6,legacy_strings,0,6,6,0,false,needs_structural_normalization,category_unresolved|missing_or_invalid_difficulty|missing_servings|missing_total_time|source_ledger_missing|beginner_review_missing|legacy_ingredient_strings_need_editor_parse|step_v2_fields_missing
1a65f295-e258-44e9-b39b-a0a6d0306e68,청경채 김치,반찬,mapped,side,9,legacy_strings,0,9,6,0,false,needs_structural_normalization,missing_or_invalid_difficulty|missing_servings|missing_total_time|source_ledger_missing|beginner_review_missing|legacy_ingredient_strings_need_editor_parse|step_v2_fields_missing
dcbfb5f0-7577-42b5-9987-c568eb3c9b54,소고기육전과 전복내장소스,일품,mapped,other,14,legacy_strings,0,14,5,0,false,needs_structural_normalization,missing_or_invalid_difficulty|missing_servings|missing_total_time|source_ledger_missing|beginner_review_missing|legacy_ingredient_strings_need_editor_parse|step_v2_fields_missing
880852b9-a4d3-4817-8ab0-c1ad0e159730,묵은지 밀푀유나베,국&찌개,unresolved,,7,legacy_strings,0,7,6,0,false,needs_structural_normalization,category_unresolved|missing_or_invalid_difficulty|missing_servings|missing_total_time|source_ledger_missing|beginner_review_missing|legacy_ingredient_strings_need_editor_parse|step_v2_fields_missing
25967560-0fff-46df-863d-d13c70da6a44,생선까스&타르타르소스,반찬,mapped,side,15,legacy_strings,0,15,6,0,false,needs_structural_normalization,missing_or_invalid_difficulty|missing_servings|missing_total_time|source_ledger_missing|beginner_review_missing|legacy_ingredient_strings_need_editor_parse|step_v2_fields_missing
4cace182-36f4-413a-9814-bb6c74ec8f3e,미옹 카레,반찬,mapped,side,11,legacy_strings,0,11,6,0,false,needs_structural_normalization,missing_or_invalid_difficulty|missing_servings|missing_total_time|source_ledger_missing|beginner_review_missing|legacy_ingredient_strings_need_editor_parse|step_v2_fields_missing
e7cc4b29-2b03-4ead-8844-f5770af8821f,곤약 감자조림,반찬,mapped,side,11,legacy_strings,0,11,6,0,false,needs_structural_normalization,missing_or_invalid_difficulty|missing_servings|missing_total_time|source_ledger_missing|beginner_review_missing|legacy_ingredient_strings_need_editor_parse|step_v2_fields_missing
9dcfcb1d-68c3-44fe-808b-9345852873a6,배추된장국,국&찌개,unresolved,,11,legacy_strings,0,11,6,0,false,needs_structural_normalization,category_unresolved|missing_or_invalid_difficulty|missing_servings|missing_total_time|source_ledger_missing|beginner_review_missing|legacy_ingredient_strings_need_editor_parse|step_v2_fields_missing
79a152f8-293e-42c1-9cb2-9851fb7c0c61,한우굴라쉬,국&찌개,unresolved,,15,legacy_strings,0,15,6,0,false,needs_structural_normalization,category_unresolved|missing_or_invalid_difficulty|missing_servings|missing_total_time|source_ledger_missing|beginner_review_missing|legacy_ingredient_strings_need_editor_parse|step_v2_fields_missing
b0c0c012-d74d-432f-8fb4-524e2496a7f8,요거트강화순무김치,반찬,mapped,side,7,legacy_strings,0,7,6,0,false,needs_structural_normalization,missing_or_invalid_difficulty|missing_servings|missing_total_time|source_ledger_missing|beginner_review_missing|legacy_ingredient_strings_need_editor_parse|step_v2_fields_missing
1e8c1111-f306-40f6-ae46-21057c200df6,레몬등갈비구이,반찬,mapped,side,11,legacy_strings,0,11,6,0,false,needs_structural_normalization,missing_or_invalid_difficulty|missing_servings|missing_total_time|source_ledger_missing|beginner_review_missing|legacy_ingredient_strings_need_editor_parse|step_v2_fields_missing
fbc125ac-9733-4241-9222-573d7afcbc68,밀푀유 채소 웰링턴,반찬,mapped,side,24,legacy_strings,0,24,6,0,false,needs_structural_normalization,missing_or_invalid_difficulty|missing_servings|missing_total_time|source_ledger_missing|beginner_review_missing|legacy_ingredient_strings_need_editor_parse|step_v2_fields_missing
38009d08-f334-4b22-9bdb-567f255a0655,참나물 매콤함박스테이크,반찬,mapped,side,14,legacy_strings,0,14,6,0,false,needs_structural_normalization,missing_or_invalid_difficulty|missing_servings|missing_total_time|source_ledger_missing|beginner_review_missing|legacy_ingredient_strings_need_editor_parse|step_v2_fields_missing
b2f37703-fc02-4dd8-84e1-14fe1125d3e5,과일 먹은 닭탕수,반찬,mapped,side,11,legacy_strings,0,11,6,0,false,needs_structural_normalization,missing_or_invalid_difficulty|missing_servings|missing_total_time|source_ledger_missing|beginner_review_missing|legacy_ingredient_strings_need_editor_parse|step_v2_fields_missing
0591ed62-e6e1-480d-abc5-dfc6cff73ef7,콜리플라워미역국,국&찌개,unresolved,,10,legacy_strings,0,10,6,0,false,needs_structural_normalization,category_unresolved|missing_or_invalid_difficulty|missing_servings|missing_total_time|source_ledger_missing|beginner_review_missing|legacy_ingredient_strings_need_editor_parse|step_v2_fields_missing
aaae4ea6-ec2e-44a2-8033-99218832d8df,구기자모듬장조림,반찬,mapped,side,11,legacy_strings,0,11,6,0,false,needs_structural_normalization,missing_or_invalid_difficulty|missing_servings|missing_total_time|source_ledger_missing|beginner_review_missing|legacy_ingredient_strings_need_editor_parse|step_v2_fields_missing
8f644917-82fb-4d91-b0d4-69f019aa4af5,오미자저염나박김치,반찬,mapped,side,12,legacy_strings,0,12,6,0,false,needs_structural_normalization,missing_or_invalid_difficulty|missing_servings|missing_total_time|source_ledger_missing|beginner_review_missing|legacy_ingredient_strings_need_editor_parse|step_v2_fields_missing
aa586cf4-0f44-4af9-9baf-704337db4eac,메밀면 샐러드,일품,mapped,other,12,legacy_strings,0,12,5,0,false,needs_structural_normalization,missing_or_invalid_difficulty|missing_servings|missing_total_time|source_ledger_missing|beginner_review_missing|legacy_ingredient_strings_need_editor_parse|step_v2_fields_missing
fce43fe8-0ae9-497b-b938-809e09b4e64a,치즈 두부 튀김,일품,mapped,other,7,legacy_strings,0,7,6,0,false,needs_structural_normalization,missing_or_invalid_difficulty|missing_servings|missing_total_time|source_ledger_missing|beginner_review_missing|legacy_ingredient_strings_need_editor_parse|step_v2_fields_missing
347d08a6-6455-4022-8f42-d9a911a43663,단호박 라타투이,반찬,mapped,side,12,legacy_strings,0,12,6,0,false,needs_structural_normalization,missing_or_invalid_difficulty|missing_servings|missing_total_time|source_ledger_missing|beginner_review_missing|legacy_ingredient_strings_need_editor_parse|step_v2_fields_missing
b900d7fd-89b0-4d33-9e27-8ffe7a2aea2c,느타리버섯볶음,반찬,mapped,side,9,legacy_strings,0,9,6,0,false,needs_structural_normalization,missing_or_invalid_difficulty|missing_servings|missing_total_time|source_ledger_missing|beginner_review_missing|legacy_ingredient_strings_need_editor_parse|step_v2_fields_missing
a7c87f31-0800-4882-ae63-e14e02b9f6cf,오리들깨 겨자소스 초무침,반찬,mapped,side,10,legacy_strings,0,10,6,0,false,needs_structural_normalization,missing_or_invalid_difficulty|missing_servings|missing_total_time|source_ledger_missing|beginner_review_missing|legacy_ingredient_strings_need_editor_parse|step_v2_fields_missing
7132ebc6-4a92-4fd6-a3d5-1328d97cbd01,닭고기 바비큐,반찬,mapped,side,14,legacy_strings,0,14,6,0,false,needs_structural_normalization,missing_or_invalid_difficulty|missing_servings|missing_total_time|source_ledger_missing|beginner_review_missing|legacy_ingredient_strings_need_editor_parse|step_v2_fields_missing
8f23d392-1eb5-420a-9fef-fa79f6c06650,닭고기 편육,반찬,mapped,side,10,legacy_strings,0,10,6,0,false,needs_structural_normalization,missing_or_invalid_difficulty|missing_servings|missing_total_time|source_ledger_missing|beginner_review_missing|legacy_ingredient_strings_need_editor_parse|step_v2_fields_missing
19077a45-f7c9-4559-9faa-44b522cbb7e0,돼지고기 찹쌀부침,반찬,mapped,side,13,legacy_strings,0,13,6,0,false,needs_structural_normalization,missing_or_invalid_difficulty|missing_servings|missing_total_time|source_ledger_missing|beginner_review_missing|legacy_ingredient_strings_need_editor_parse|step_v2_fields_missing
e37539fa-85d9-43fd-9dc5-6a2a5250571d,등심 배구이,반찬,mapped,side,11,legacy_strings,0,11,6,0,false,needs_structural_normalization,missing_or_invalid_difficulty|missing_servings|missing_total_time|source_ledger_missing|beginner_review_missing|legacy_ingredient_strings_need_editor_parse|step_v2_fields_missing
207b2861-4619-4cac-986a-65aa9b1eb183,버터치킨카레,반찬,mapped,side,20,legacy_strings,0,20,6,0,false,needs_structural_normalization,missing_or_invalid_difficulty|missing_servings|missing_total_time|source_ledger_missing|beginner_review_missing|legacy_ingredient_strings_need_editor_parse|step_v2_fields_missing
5fb5222f-2e5f-42b2-8676-193d9b8f206d,버섯소스를 곁들인 돼지 등심 스테이크,일품,mapped,other,11,legacy_strings,0,11,6,0,false,needs_structural_normalization,missing_or_invalid_difficulty|missing_servings|missing_total_time|source_ledger_missing|beginner_review_missing|legacy_ingredient_strings_need_editor_parse|step_v2_fields_missing
4f7c2786-a14b-4351-b65b-ffb6d18a9383,쇠고기 감자찜,반찬,mapped,side,13,legacy_strings,0,13,6,0,false,needs_structural_normalization,missing_or_invalid_difficulty|missing_servings|missing_total_time|source_ledger_missing|beginner_review_missing|legacy_ingredient_strings_need_editor_parse|step_v2_fields_missing
41a36873-28ec-470f-bf47-2c78b20bcf12,양송이버섯과 포도주스를 가미한 등심구이,일품,mapped,other,15,legacy_strings,0,15,6,0,false,needs_structural_normalization,missing_or_invalid_difficulty|missing_servings|missing_total_time|source_ledger_missing|beginner_review_missing|legacy_ingredient_strings_need_editor_parse|step_v2_fields_missing
df8f8c9b-bd8e-448f-a0f5-ffaaa6e6e923,새우살토마토스튜,국&찌개,unresolved,,12,legacy_strings,0,12,6,0,false,needs_structural_normalization,category_unresolved|missing_or_invalid_difficulty|missing_servings|missing_total_time|source_ledger_missing|beginner_review_missing|legacy_ingredient_strings_need_editor_parse|step_v2_fields_missing
497c7a2e-daf5-4b78-bc56-abeed3d02113,견과류문어떡갈비,반찬,mapped,side,16,legacy_strings,0,16,6,0,false,needs_structural_normalization,missing_or_invalid_difficulty|missing_servings|missing_total_time|source_ledger_missing|beginner_review_missing|legacy_ingredient_strings_need_editor_parse|step_v2_fields_missing
55816be0-6b60-4174-8ad9-2995feb03e1a,배물김치,반찬,mapped,side,8,legacy_strings,0,8,6,0,false,needs_structural_normalization,missing_or_invalid_difficulty|missing_servings|missing_total_time|source_ledger_missing|beginner_review_missing|legacy_ingredient_strings_need_editor_parse|step_v2_fields_missing
0458c4ce-0448-48cb-910f-d162c76937dc,성주참외동치미,반찬,mapped,side,11,legacy_strings,0,11,6,0,false,needs_structural_normalization,missing_or_invalid_difficulty|missing_servings|missing_total_time|source_ledger_missing|beginner_review_missing|legacy_ingredient_strings_need_editor_parse|step_v2_fields_missing
1b5a72ad-5c8b-46d7-9384-b2c3f8bba43e,애호박 순대,일품,mapped,other,13,legacy_strings,0,13,6,0,false,needs_structural_normalization,missing_or_invalid_difficulty|missing_servings|missing_total_time|source_ledger_missing|beginner_review_missing|legacy_ingredient_strings_need_editor_parse|step_v2_fields_missing
986ac730-741d-4d43-b66e-bb2e8d78dd12,소고기찜과 검은콩수제비,일품,mapped,other,27,legacy_strings,0,27,6,0,false,needs_structural_normalization,missing_or_invalid_difficulty|missing_servings|missing_total_time|source_ledger_missing|beginner_review_missing|legacy_ingredient_strings_need_editor_parse|step_v2_fields_missing
dc147c08-25d1-4027-8837-8da58f6cedeb,소고기 김말이,반찬,mapped,side,12,legacy_strings,0,12,6,0,false,needs_structural_normalization,missing_or_invalid_difficulty|missing_servings|missing_total_time|source_ledger_missing|beginner_review_missing|legacy_ingredient_strings_need_editor_parse|step_v2_fields_missing
ee01d2d0-383e-4b1f-ba11-8dff0dc72ccb,땅콩 밀푀유 샌드,후식,mapped,dessert,12,legacy_strings,0,12,6,0,false,needs_structural_normalization,missing_or_invalid_difficulty|missing_servings|missing_total_time|source_ledger_missing|beginner_review_missing|legacy_ingredient_strings_need_editor_parse|step_v2_fields_missing
7fbfaf85-385e-4927-9cdc-c37be9dfa6b3,케이준 스타일 닭고기 요리,반찬,mapped,side,12,legacy_strings,0,12,6,0,false,needs_structural_normalization,missing_or_invalid_difficulty|missing_servings|missing_total_time|source_ledger_missing|beginner_review_missing|legacy_ingredient_strings_need_editor_parse|step_v2_fields_missing
a4fb8487-dd49-4802-8858-2252e8f0f481,수퍼 브리또,반찬,mapped,side,17,legacy_strings,0,17,6,0,false,needs_structural_normalization,missing_or_invalid_difficulty|missing_servings|missing_total_time|source_ledger_missing|beginner_review_missing|legacy_ingredient_strings_need_editor_parse|step_v2_fields_missing
bc88abb6-ed8f-44de-8707-a5c5bb1f3ca6,헝가리안 폭찹,반찬,mapped,side,8,legacy_strings,0,8,6,0,false,needs_structural_normalization,missing_or_invalid_difficulty|missing_servings|missing_total_time|source_ledger_missing|beginner_review_missing|legacy_ingredient_strings_need_editor_parse|step_v2_fields_missing
e97d6d2a-515f-4542-9b37-37cf1e0269d5,구운 닭고기 샐러드와 저나트륨 과일 드레싱,반찬,mapped,side,11,legacy_strings,0,11,6,0,false,needs_structural_normalization,missing_or_invalid_difficulty|missing_servings|missing_total_time|source_ledger_missing|beginner_review_missing|legacy_ingredient_strings_need_editor_parse|step_v2_fields_missing
7ffeb6a0-4cba-4f40-879f-3dbb3420af41,돼지고기 수육 부추부침,반찬,mapped,side,17,legacy_strings,0,17,6,0,false,needs_structural_normalization,missing_or_invalid_difficulty|missing_servings|missing_total_time|source_ledger_missing|beginner_review_missing|legacy_ingredient_strings_need_editor_parse|step_v2_fields_missing
a7e3f5b9-9ccb-40db-ab65-bd7800cd08c9,쇠고기 채소볶음,반찬,mapped,side,15,legacy_strings,0,15,6,0,false,needs_structural_normalization,missing_or_invalid_difficulty|missing_servings|missing_total_time|source_ledger_missing|beginner_review_missing|legacy_ingredient_strings_need_editor_parse|step_v2_fields_missing
fd4752ac-9330-4e8f-b9a7-2c97068950fb,낙지볶음면,일품,mapped,other,14,legacy_strings,0,14,6,0,false,needs_structural_normalization,missing_or_invalid_difficulty|missing_servings|missing_total_time|source_ledger_missing|beginner_review_missing|legacy_ingredient_strings_need_editor_parse|step_v2_fields_missing
f2a91489-11c9-4d0a-bc53-f3942d28e26f,지중해 소스를 곁들인 도미스테이크,일품,mapped,other,13,legacy_strings,0,13,6,0,false,needs_structural_normalization,missing_or_invalid_difficulty|missing_servings|missing_total_time|source_ledger_missing|beginner_review_missing|legacy_ingredient_strings_need_editor_parse|step_v2_fields_missing
3eb734a0-198a-4af0-851a-f1fdb583e516,해산물 샤브샤브,국&찌개,unresolved,,19,legacy_strings,0,19,6,0,false,needs_structural_normalization,category_unresolved|missing_or_invalid_difficulty|missing_servings|missing_total_time|source_ledger_missing|beginner_review_missing|legacy_ingredient_strings_need_editor_parse|step_v2_fields_missing
f88e6607-b3f8-438e-99d4-77904df9175a,고등어구이,반찬,mapped,side,5,legacy_strings,0,5,6,0,false,needs_structural_normalization,missing_or_invalid_difficulty|missing_servings|missing_total_time|source_ledger_missing|beginner_review_missing|legacy_ingredient_strings_need_editor_parse|step_v2_fields_missing
a683cee7-d2cf-4603-97a0-f47c55d52498,골뱅이무침,반찬,mapped,side,16,legacy_strings,0,16,6,0,false,needs_structural_normalization,missing_or_invalid_difficulty|missing_servings|missing_total_time|source_ledger_missing|beginner_review_missing|legacy_ingredient_strings_need_editor_parse|step_v2_fields_missing
57263d5e-b2cd-4bf2-b394-e0f647e2bcb7,굴 두부 국,국&찌개,unresolved,,10,legacy_strings,0,10,6,0,false,needs_structural_normalization,category_unresolved|missing_or_invalid_difficulty|missing_servings|missing_total_time|source_ledger_missing|beginner_review_missing|legacy_ingredient_strings_need_editor_parse|step_v2_fields_missing
62fb599f-a487-43dc-8e0a-7acc5fe02604,과일퓨레수제함박스테이크,반찬,mapped,side,21,legacy_strings,0,21,6,0,false,needs_structural_normalization,missing_or_invalid_difficulty|missing_servings|missing_total_time|source_ledger_missing|beginner_review_missing|legacy_ingredient_strings_need_editor_parse|step_v2_fields_missing
35b5d559-26dd-4da0-aa5f-da9b4580af7f,달콤과일깍두기,반찬,mapped,side,9,legacy_strings,0,9,6,0,false,needs_structural_normalization,missing_or_invalid_difficulty|missing_servings|missing_total_time|source_ledger_missing|beginner_review_missing|legacy_ingredient_strings_need_editor_parse|step_v2_fields_missing
852f3fb5-44d8-4c05-82fe-64a08ee7dc61,감태샐러드말이와 버섯말이깐풍,반찬,mapped,side,21,legacy_strings,0,21,6,0,false,needs_structural_normalization,missing_or_invalid_difficulty|missing_servings|missing_total_time|source_ledger_missing|beginner_review_missing|legacy_ingredient_strings_need_editor_parse|step_v2_fields_missing
08bbcfa0-4409-4c74-a789-1bee3ec8cbad,비트 단호박 파스타,일품,mapped,other,11,legacy_strings,0,11,6,0,false,needs_structural_normalization,missing_or_invalid_difficulty|missing_servings|missing_total_time|source_ledger_missing|beginner_review_missing|legacy_ingredient_strings_need_editor_parse|step_v2_fields_missing
9688ff60-9ccd-46ef-b62e-ca51c2dda688,해조비빔국수,기타,mapped,other,13,legacy_strings,0,13,5,0,false,needs_structural_normalization,missing_or_invalid_difficulty|missing_servings|missing_total_time|source_ledger_missing|beginner_review_missing|legacy_ingredient_strings_need_editor_parse|step_v2_fields_missing
737d28df-4cfa-4cd2-b4d3-05f7e5705675,닭봉 로제스튜,일품,mapped,other,22,legacy_strings,0,22,6,0,false,needs_structural_normalization,missing_or_invalid_difficulty|missing_servings|missing_total_time|source_ledger_missing|beginner_review_missing|legacy_ingredient_strings_need_editor_parse|step_v2_fields_missing
9cc3a81f-caf0-4432-9840-41631530f6a5,수제새우소시지,반찬,mapped,side,11,legacy_strings,0,11,6,0,false,needs_structural_normalization,missing_or_invalid_difficulty|missing_servings|missing_total_time|source_ledger_missing|beginner_review_missing|legacy_ingredient_strings_need_editor_parse|step_v2_fields_missing
a25e0419-48a0-4e1e-a9e6-c05e5caabe20,금태찜,반찬,mapped,side,16,legacy_strings,0,16,6,0,false,needs_structural_normalization,missing_or_invalid_difficulty|missing_servings|missing_total_time|source_ledger_missing|beginner_review_missing|legacy_ingredient_strings_need_editor_parse|step_v2_fields_missing
d1042709-dbb2-4172-b857-f102c888da93,김자반,반찬,mapped,side,9,legacy_strings,0,9,6,0,false,needs_structural_normalization,missing_or_invalid_difficulty|missing_servings|missing_total_time|source_ledger_missing|beginner_review_missing|legacy_ingredient_strings_need_editor_parse|step_v2_fields_missing
221eb45b-d56a-4344-8851-3ff529ca5487,꽁치 양념구이,반찬,mapped,side,14,legacy_strings,0,14,6,0,false,needs_structural_normalization,missing_or_invalid_difficulty|missing_servings|missing_total_time|source_ledger_missing|beginner_review_missing|legacy_ingredient_strings_need_editor_parse|step_v2_fields_missing
cffa93e7-b2fc-42d4-b9b0-2a30dd1bbaa0,꽃게강정,반찬,mapped,side,13,legacy_strings,0,13,6,0,false,needs_structural_normalization,missing_or_invalid_difficulty|missing_servings|missing_total_time|source_ledger_missing|beginner_review_missing|legacy_ingredient_strings_need_editor_parse|step_v2_fields_missing
72706ce7-7405-47cd-b8d7-9f40bd59bd12,찰 어묵찜,반찬,mapped,side,8,legacy_strings,0,8,6,0,false,needs_structural_normalization,missing_or_invalid_difficulty|missing_servings|missing_total_time|source_ledger_missing|beginner_review_missing|legacy_ingredient_strings_need_editor_parse|step_v2_fields_missing
7f384448-6b1e-4825-ae7d-4d216808bd23,버섯 참치 무른밥,밥,mapped,rice,9,legacy_strings,0,9,6,0,false,needs_structural_normalization,missing_or_invalid_difficulty|missing_servings|missing_total_time|source_ledger_missing|beginner_review_missing|legacy_ingredient_strings_need_editor_parse|step_v2_fields_missing
6913974c-bb2b-4367-a22f-6906ea0e3736,낙지강회,반찬,mapped,side,9,legacy_strings,0,9,6,0,false,needs_structural_normalization,missing_or_invalid_difficulty|missing_servings|missing_total_time|source_ledger_missing|beginner_review_missing|legacy_ingredient_strings_need_editor_parse|step_v2_fields_missing
3d36dbd8-cf53-45b7-b1cd-2576d23c004e,낙지 잣소스 냉채,반찬,mapped,side,9,legacy_strings,0,9,6,0,false,needs_structural_normalization,missing_or_invalid_difficulty|missing_servings|missing_total_time|source_ledger_missing|beginner_review_missing|legacy_ingredient_strings_need_editor_parse|step_v2_fields_missing
d9a7d599-09d9-43ef-88ac-a4f54e0a4e3b,두부 해산물 꼬치구이,반찬,mapped,side,7,legacy_strings,0,7,6,0,false,needs_structural_normalization,missing_or_invalid_difficulty|missing_servings|missing_total_time|source_ledger_missing|beginner_review_missing|legacy_ingredient_strings_need_editor_parse|step_v2_fields_missing
625287ad-fa25-416f-9091-10d56cb00bc4,대추죽,일품,mapped,other,6,legacy_strings,0,6,6,0,false,needs_structural_normalization,missing_or_invalid_difficulty|missing_servings|missing_total_time|source_ledger_missing|beginner_review_missing|legacy_ingredient_strings_need_editor_parse|step_v2_fields_missing
7d87ebb1-bb72-4ae1-868c-7efe372b1007,마 두부 오징어전,반찬,mapped,side,12,legacy_strings,0,12,6,0,false,needs_structural_normalization,missing_or_invalid_difficulty|missing_servings|missing_total_time|source_ledger_missing|beginner_review_missing|legacy_ingredient_strings_need_editor_parse|step_v2_fields_missing
1298115a-0e5d-496f-ad5a-53dc9ef48a43,송이 미역국,국&찌개,unresolved,,7,legacy_strings,0,7,6,0,false,needs_structural_normalization,category_unresolved|missing_or_invalid_difficulty|missing_servings|missing_total_time|source_ledger_missing|beginner_review_missing|legacy_ingredient_strings_need_editor_parse|step_v2_fields_missing
c14d9e1d-8137-4d74-b1a6-a42b8215a0ae,멸치 찹쌀양념 튀김,반찬,mapped,side,14,legacy_strings,0,14,6,0,false,needs_structural_normalization,missing_or_invalid_difficulty|missing_servings|missing_total_time|source_ledger_missing|beginner_review_missing|legacy_ingredient_strings_need_editor_parse|step_v2_fields_missing
bcb60941-2cbd-4ba7-a5ee-9be000aba041,미역 물오징어 연두부 초회,반찬,mapped,side,13,legacy_strings,0,13,6,0,false,needs_structural_normalization,missing_or_invalid_difficulty|missing_servings|missing_total_time|source_ledger_missing|beginner_review_missing|legacy_ingredient_strings_need_editor_parse|step_v2_fields_missing
aaadd6be-d731-4a4d-941b-dc995da1ccb1,부추조개살 콩비지조림,반찬,mapped,side,9,legacy_strings,0,9,6,0,false,needs_structural_normalization,missing_or_invalid_difficulty|missing_servings|missing_total_time|source_ledger_missing|beginner_review_missing|legacy_ingredient_strings_need_editor_parse|step_v2_fields_missing
6311f66d-3080-4ec9-8c8c-3ce62d64133e,연어냉채,반찬,mapped,side,13,legacy_strings,0,13,6,0,false,needs_structural_normalization,missing_or_invalid_difficulty|missing_servings|missing_total_time|source_ledger_missing|beginner_review_missing|legacy_ingredient_strings_need_editor_parse|step_v2_fields_missing
103c3a46-e4cf-4bfe-8408-27c3a2a8cb4c,시금치 배 미음,밥,mapped,rice,5,legacy_strings,0,5,6,0,false,needs_structural_normalization,missing_or_invalid_difficulty|missing_servings|missing_total_time|source_ledger_missing|beginner_review_missing|legacy_ingredient_strings_need_editor_parse|step_v2_fields_missing
331717eb-0043-402b-bb72-318901ddf21e,오징어말이 케첩조림,반찬,mapped,side,11,legacy_strings,0,11,6,0,false,needs_structural_normalization,missing_or_invalid_difficulty|missing_servings|missing_total_time|source_ledger_missing|beginner_review_missing|legacy_ingredient_strings_need_editor_parse|step_v2_fields_missing
e4de7bc8-b37e-4c9a-83ce-459593a12a1f,오징어보쌈과 저나트륨 된장소스,반찬,mapped,side,10,legacy_strings,0,10,6,0,false,needs_structural_normalization,missing_or_invalid_difficulty|missing_servings|missing_total_time|source_ledger_missing|beginner_review_missing|legacy_ingredient_strings_need_editor_parse|step_v2_fields_missing
6cb18329-2525-4110-9b24-361e0486be70,홍시 생밤 무침,후식,mapped,dessert,5,legacy_strings,0,5,6,0,false,needs_structural_normalization,missing_or_invalid_difficulty|missing_servings|missing_total_time|source_ledger_missing|beginner_review_missing|legacy_ingredient_strings_need_editor_parse|step_v2_fields_missing
56d6cded-d4e6-497a-a76c-778db5071b4f,칠리새우,반찬,mapped,side,15,legacy_strings,0,15,6,0,false,needs_structural_normalization,missing_or_invalid_difficulty|missing_servings|missing_total_time|source_ledger_missing|beginner_review_missing|legacy_ingredient_strings_need_editor_parse|step_v2_fields_missing
2f6337ed-2970-45ff-9ef0-9dd74ec602d6,"연근샐러드, 흑임자소스",반찬,mapped,side,6,legacy_strings,0,6,6,0,false,needs_structural_normalization,missing_or_invalid_difficulty|missing_servings|missing_total_time|source_ledger_missing|beginner_review_missing|legacy_ingredient_strings_need_editor_parse|step_v2_fields_missing
5d756e96-0531-4f85-a662-ea3f88974f03,단호박함박스테이크,반찬,mapped,side,13,legacy_strings,0,13,6,0,false,needs_structural_normalization,missing_or_invalid_difficulty|missing_servings|missing_total_time|source_ledger_missing|beginner_review_missing|legacy_ingredient_strings_need_editor_parse|step_v2_fields_missing
850efb8f-479c-464c-a7a7-16cd547c6a48,배깍두기,반찬,mapped,side,6,legacy_strings,0,6,6,0,false,needs_structural_normalization,missing_or_invalid_difficulty|missing_servings|missing_total_time|source_ledger_missing|beginner_review_missing|legacy_ingredient_strings_need_editor_parse|step_v2_fields_missing
12ff7352-86aa-44f0-b49c-53b1afbc2e5e,라이스페이퍼 새우롤,반찬,mapped,side,17,legacy_strings,0,17,6,0,false,needs_structural_normalization,missing_or_invalid_difficulty|missing_servings|missing_total_time|source_ledger_missing|beginner_review_missing|legacy_ingredient_strings_need_editor_parse|step_v2_fields_missing
461ff4c5-f66d-4869-8cd5-9bfb805a917f,닭고기 찰깨빵,일품,mapped,other,12,legacy_strings,0,12,6,0,false,needs_structural_normalization,missing_or_invalid_difficulty|missing_servings|missing_total_time|source_ledger_missing|beginner_review_missing|legacy_ingredient_strings_need_editor_parse|step_v2_fields_missing
d0ebfc84-a37a-4917-8a4d-5312db2189c6,레몬연어 파피요트,일품,mapped,other,14,legacy_strings,0,14,6,0,false,needs_structural_normalization,missing_or_invalid_difficulty|missing_servings|missing_total_time|source_ledger_missing|beginner_review_missing|legacy_ingredient_strings_need_editor_parse|step_v2_fields_missing
1f114bb4-8d85-46cf-8efa-db30a9d07daf,떡꼬치구이,기타,mapped,other,11,legacy_strings,0,11,6,0,false,needs_structural_normalization,missing_or_invalid_difficulty|missing_servings|missing_total_time|source_ledger_missing|beginner_review_missing|legacy_ingredient_strings_need_editor_parse|step_v2_fields_missing
0c9bb315-378f-4c13-a6c0-2a61c6b9fcb8,부추 배무침,반찬,mapped,side,10,legacy_strings,0,10,6,0,false,needs_structural_normalization,missing_or_invalid_difficulty|missing_servings|missing_total_time|source_ledger_missing|beginner_review_missing|legacy_ingredient_strings_need_editor_parse|step_v2_fields_missing
9a723c20-c2c0-441c-8bcd-e2126b28359a,단감피클,반찬,mapped,side,4,legacy_strings,0,4,6,0,false,needs_structural_normalization,missing_or_invalid_difficulty|missing_servings|missing_total_time|source_ledger_missing|beginner_review_missing|legacy_ingredient_strings_need_editor_parse|step_v2_fields_missing
d1c3a0ff-79c5-49dc-8b28-3715f8d4ebe4,아보카도 두부 샐러드,반찬,mapped,side,9,legacy_strings,0,9,6,0,false,needs_structural_normalization,missing_or_invalid_difficulty|missing_servings|missing_total_time|source_ledger_missing|beginner_review_missing|legacy_ingredient_strings_need_editor_parse|step_v2_fields_missing
fbbdd96b-25f3-49fb-b68f-dfe39263b7c2,과일 젤리,후식,mapped,dessert,6,legacy_strings,0,6,6,0,false,needs_structural_normalization,missing_or_invalid_difficulty|missing_servings|missing_total_time|source_ledger_missing|beginner_review_missing|legacy_ingredient_strings_need_editor_parse|step_v2_fields_missing
a1764f53-1e4b-4da5-93fa-a2ac6e320a25,복숭아샤벳,후식,mapped,dessert,4,legacy_strings,0,4,6,0,false,needs_structural_normalization,missing_or_invalid_difficulty|missing_servings|missing_total_time|source_ledger_missing|beginner_review_missing|legacy_ingredient_strings_need_editor_parse|step_v2_fields_missing
6e8087c8-3fef-428b-a8f9-15d61980c39b,야채볶음,반찬,mapped,side,10,legacy_strings,0,10,6,0,false,needs_structural_normalization,missing_or_invalid_difficulty|missing_servings|missing_total_time|source_ledger_missing|beginner_review_missing|legacy_ingredient_strings_need_editor_parse|step_v2_fields_missing
d9ef3eca-6fdf-4f3e-bead-b91cfa47fec7,과일 주스 조림,후식,mapped,dessert,9,legacy_strings,0,9,6,0,false,needs_structural_normalization,missing_or_invalid_difficulty|missing_servings|missing_total_time|source_ledger_missing|beginner_review_missing|legacy_ingredient_strings_need_editor_parse|step_v2_fields_missing
aa2e289a-f871-46ff-8893-6be669c73f5e,김치 고구마밥,밥,mapped,rice,13,legacy_strings,0,13,6,0,false,needs_structural_normalization,missing_or_invalid_difficulty|missing_servings|missing_total_time|source_ledger_missing|beginner_review_missing|legacy_ingredient_strings_need_editor_parse|step_v2_fields_missing
e65532ac-6b6e-4980-aecd-458e68dc4577,돈불고기 파인애플볶음,반찬,mapped,side,11,legacy_strings,0,11,6,0,false,needs_structural_normalization,missing_or_invalid_difficulty|missing_servings|missing_total_time|source_ledger_missing|beginner_review_missing|legacy_ingredient_strings_need_editor_parse|step_v2_fields_missing
115cd83a-a599-4fe2-aaba-874827c3e1d7,멸치 누룽지과자,후식,mapped,dessert,4,legacy_strings,0,4,6,0,false,needs_structural_normalization,missing_or_invalid_difficulty|missing_servings|missing_total_time|source_ledger_missing|beginner_review_missing|legacy_ingredient_strings_need_editor_parse|step_v2_fields_missing
d2458d3c-d4b8-4a97-9222-103789aa82f8,비름나물 된장무침,반찬,mapped,side,12,legacy_strings,0,12,6,0,false,needs_structural_normalization,missing_or_invalid_difficulty|missing_servings|missing_total_time|source_ledger_missing|beginner_review_missing|legacy_ingredient_strings_need_editor_parse|step_v2_fields_missing
3dd1a221-10ec-4b3d-809a-5964f4f4c397,소고기 들깨 알토란탕,국&찌개,unresolved,,12,legacy_strings,0,12,6,0,false,needs_structural_normalization,category_unresolved|missing_or_invalid_difficulty|missing_servings|missing_total_time|source_ledger_missing|beginner_review_missing|legacy_ingredient_strings_need_editor_parse|step_v2_fields_missing
85b401f1-448d-403f-8f4c-a389361d31ae,과일삼겹살조림&파채무침,반찬,mapped,side,15,legacy_strings,0,15,6,0,false,needs_structural_normalization,missing_or_invalid_difficulty|missing_servings|missing_total_time|source_ledger_missing|beginner_review_missing|legacy_ingredient_strings_need_editor_parse|step_v2_fields_missing
4bccabd3-cc8f-448e-917b-c4f17b2a3210,곤약백김치말이,반찬,mapped,side,8,legacy_strings,0,8,6,0,false,needs_structural_normalization,missing_or_invalid_difficulty|missing_servings|missing_total_time|source_ledger_missing|beginner_review_missing|legacy_ingredient_strings_need_editor_parse|step_v2_fields_missing
5c683dc9-b355-467b-9341-9256bca1b0a3,꽈리고추 닭강정,반찬,mapped,side,16,legacy_strings,0,16,6,0,false,needs_structural_normalization,missing_or_invalid_difficulty|missing_servings|missing_total_time|source_ledger_missing|beginner_review_missing|legacy_ingredient_strings_need_editor_parse|step_v2_fields_missing
606bb914-75dd-4c71-a350-5c94101d550f,참치두부 주먹밥,밥,mapped,rice,9,legacy_strings,0,9,6,0,false,needs_structural_normalization,missing_or_invalid_difficulty|missing_servings|missing_total_time|source_ledger_missing|beginner_review_missing|legacy_ingredient_strings_need_editor_parse|step_v2_fields_missing
0601baa7-acc2-41fb-923f-c0adf75b3009,열무톳김치,반찬,mapped,side,8,legacy_strings,0,8,6,0,false,needs_structural_normalization,missing_or_invalid_difficulty|missing_servings|missing_total_time|source_ledger_missing|beginner_review_missing|legacy_ingredient_strings_need_editor_parse|step_v2_fields_missing
57f8f99d-96c4-48bf-b359-9184b3074b5c,콩가루 쑥 다쿠아즈,후식,mapped,dessert,9,legacy_strings,0,9,6,0,false,needs_structural_normalization,missing_or_invalid_difficulty|missing_servings|missing_total_time|source_ledger_missing|beginner_review_missing|legacy_ingredient_strings_need_editor_parse|step_v2_fields_missing
192e36d6-484e-4237-aed6-668cfbeb9628,우유 생강차,후식,mapped,dessert,5,legacy_strings,0,5,6,0,false,needs_structural_normalization,missing_or_invalid_difficulty|missing_servings|missing_total_time|source_ledger_missing|beginner_review_missing|legacy_ingredient_strings_need_editor_parse|step_v2_fields_missing
cb354f29-388b-4030-9c9e-71fa550007ac,대구 크림스튜,반찬,mapped,side,13,legacy_strings,0,13,6,0,false,needs_structural_normalization,missing_or_invalid_difficulty|missing_servings|missing_total_time|source_ledger_missing|beginner_review_missing|legacy_ingredient_strings_need_editor_parse|step_v2_fields_missing
877556b1-e2d9-4146-bace-813b247e7cf0,돼지고기 토마토 두부볶음,반찬,mapped,side,10,legacy_strings,0,10,6,0,false,needs_structural_normalization,missing_or_invalid_difficulty|missing_servings|missing_total_time|source_ledger_missing|beginner_review_missing|legacy_ingredient_strings_need_editor_parse|step_v2_fields_missing
6108a7cb-2687-43d8-b07f-91028c54be52,멜론스프,일품,mapped,other,10,legacy_strings,0,10,6,0,false,needs_structural_normalization,missing_or_invalid_difficulty|missing_servings|missing_total_time|source_ledger_missing|beginner_review_missing|legacy_ingredient_strings_need_editor_parse|step_v2_fields_missing
1038b6c2-8f7e-4227-a004-356afc3f5f34,야채빵,후식,mapped,dessert,11,legacy_strings,0,11,6,0,false,needs_structural_normalization,missing_or_invalid_difficulty|missing_servings|missing_total_time|source_ledger_missing|beginner_review_missing|legacy_ingredient_strings_need_editor_parse|step_v2_fields_missing
c80b87d2-3a7a-455c-a650-fed9f6005268,미니버거,일품,mapped,other,15,legacy_strings,0,15,6,0,false,needs_structural_normalization,missing_or_invalid_difficulty|missing_servings|missing_total_time|source_ledger_missing|beginner_review_missing|legacy_ingredient_strings_need_editor_parse|step_v2_fields_missing
82ff424c-1a3f-4329-a503-cb1eda249051,닭가슴살호두크로켓,반찬,mapped,side,20,legacy_strings,0,20,6,0,false,needs_structural_normalization,missing_or_invalid_difficulty|missing_servings|missing_total_time|source_ledger_missing|beginner_review_missing|legacy_ingredient_strings_need_editor_parse|step_v2_fields_missing
b05505d5-ef72-46c6-8fe4-542efed0cf35,바질 고구마 옥수수빵(플렌타),후식,mapped,dessert,6,legacy_strings,0,6,6,0,false,needs_structural_normalization,missing_or_invalid_difficulty|missing_servings|missing_total_time|source_ledger_missing|beginner_review_missing|legacy_ingredient_strings_need_editor_parse|step_v2_fields_missing
f9307cd6-3760-475a-8bb1-cecc7e4204aa,밥스틱,밥,mapped,rice,12,legacy_strings,0,12,6,0,false,needs_structural_normalization,missing_or_invalid_difficulty|missing_servings|missing_total_time|source_ledger_missing|beginner_review_missing|legacy_ingredient_strings_need_editor_parse|step_v2_fields_missing
9a7fedc5-7d96-4990-bac5-80eeacfc9c9a,버섯 리조또,밥,mapped,rice,11,legacy_strings,0,11,6,0,false,needs_structural_normalization,missing_or_invalid_difficulty|missing_servings|missing_total_time|source_ledger_missing|beginner_review_missing|legacy_ingredient_strings_need_editor_parse|step_v2_fields_missing
21ead532-5aaf-4040-940c-b3806dc1c574,어린이 스시,밥,mapped,rice,12,legacy_strings,0,12,6,0,false,needs_structural_normalization,missing_or_invalid_difficulty|missing_servings|missing_total_time|source_ledger_missing|beginner_review_missing|legacy_ingredient_strings_need_editor_parse|step_v2_fields_missing
213a9ac8-0bc2-4ffd-a094-22c1675353c7,에멘탈 치즈 퐁듀,후식,mapped,dessert,10,legacy_strings,0,10,6,0,false,needs_structural_normalization,missing_or_invalid_difficulty|missing_servings|missing_total_time|source_ledger_missing|beginner_review_missing|legacy_ingredient_strings_need_editor_parse|step_v2_fields_missing
e22eca8a-44ec-4e06-9893-50e86cd4c0f2,"두부구이, 버섯소스",반찬,mapped,side,7,legacy_strings,0,7,6,0,false,needs_structural_normalization,missing_or_invalid_difficulty|missing_servings|missing_total_time|source_ledger_missing|beginner_review_missing|legacy_ingredient_strings_need_editor_parse|step_v2_fields_missing
027b0667-a30b-4e9e-aedb-40da0c768b82,고구마 김치,반찬,mapped,side,8,legacy_strings,0,8,6,0,false,needs_structural_normalization,missing_or_invalid_difficulty|missing_servings|missing_total_time|source_ledger_missing|beginner_review_missing|legacy_ingredient_strings_need_editor_parse|step_v2_fields_missing
4b1424cc-5b30-463f-bbd3-d619c94c5de2,코코넛 수플레 치즈케이크,후식,mapped,dessert,9,legacy_strings,0,9,6,0,false,needs_structural_normalization,missing_or_invalid_difficulty|missing_servings|missing_total_time|source_ledger_missing|beginner_review_missing|legacy_ingredient_strings_need_editor_parse|step_v2_fields_missing
59dc97c4-7df9-46e3-ab54-1f19853acbf0,담양식떡갈비&야채쌈,반찬,mapped,side,11,legacy_strings,0,11,6,0,false,needs_structural_normalization,missing_or_invalid_difficulty|missing_servings|missing_total_time|source_ledger_missing|beginner_review_missing|legacy_ingredient_strings_need_editor_parse|step_v2_fields_missing
33ecbdc0-5972-44e2-8450-3fe92115418c,들깨 삼계면,일품,mapped,other,12,legacy_strings,0,12,6,0,false,needs_structural_normalization,missing_or_invalid_difficulty|missing_servings|missing_total_time|source_ledger_missing|beginner_review_missing|legacy_ingredient_strings_need_editor_parse|step_v2_fields_missing
d90e4af7-5774-4aa1-ba59-7e66529b05bc,골뱅이무침과 삼겹살수육,반찬,mapped,side,11,legacy_strings,0,11,6,0,false,needs_structural_normalization,missing_or_invalid_difficulty|missing_servings|missing_total_time|source_ledger_missing|beginner_review_missing|legacy_ingredient_strings_need_editor_parse|step_v2_fields_missing
ab29bf98-c379-4478-b529-d650c65d43af,살레마이슈,후식,mapped,dessert,13,legacy_strings,0,13,6,0,false,needs_structural_normalization,missing_or_invalid_difficulty|missing_servings|missing_total_time|source_ledger_missing|beginner_review_missing|legacy_ingredient_strings_need_editor_parse|step_v2_fields_missing
338dc4a5-5a52-4fba-baef-d3d8f4fc2ebb,완두콩 스프,일품,mapped,other,8,legacy_strings,0,8,6,0,false,needs_structural_normalization,missing_or_invalid_difficulty|missing_servings|missing_total_time|source_ledger_missing|beginner_review_missing|legacy_ingredient_strings_need_editor_parse|step_v2_fields_missing
58d5df6d-ab92-4263-b722-786461bec49e,유부 만두찜,반찬,mapped,side,15,legacy_strings,0,15,6,0,false,needs_structural_normalization,missing_or_invalid_difficulty|missing_servings|missing_total_time|source_ledger_missing|beginner_review_missing|legacy_ingredient_strings_need_editor_parse|step_v2_fields_missing
0318a761-33ab-4fda-86da-b74c73e59df9,펜네 파스타 샐러드,반찬,mapped,side,13,legacy_strings,0,13,6,0,false,needs_structural_normalization,missing_or_invalid_difficulty|missing_servings|missing_total_time|source_ledger_missing|beginner_review_missing|legacy_ingredient_strings_need_editor_parse|step_v2_fields_missing
a0bc834b-d770-47ae-bb52-8c4eeee805bb,해산물 옥수수 오븐구이,반찬,mapped,side,16,legacy_strings,0,16,6,0,false,needs_structural_normalization,missing_or_invalid_difficulty|missing_servings|missing_total_time|source_ledger_missing|beginner_review_missing|legacy_ingredient_strings_need_editor_parse|step_v2_fields_missing
8c321d8e-9357-4796-b6db-88009bb9a902,향향 볶음밥,밥,mapped,rice,9,legacy_strings,0,9,6,0,false,needs_structural_normalization,missing_or_invalid_difficulty|missing_servings|missing_total_time|source_ledger_missing|beginner_review_missing|legacy_ingredient_strings_need_editor_parse|step_v2_fields_missing
ea4246df-ea13-4267-8b2f-c58161bd553b,흑임자 두부국,국&찌개,unresolved,,5,legacy_strings,0,5,6,0,false,needs_structural_normalization,category_unresolved|missing_or_invalid_difficulty|missing_servings|missing_total_time|source_ledger_missing|beginner_review_missing|legacy_ingredient_strings_need_editor_parse|step_v2_fields_missing
012edc86-040e-4bf6-a488-98970c48db00,과일 요구르트 샐러드,반찬,mapped,side,7,legacy_strings,0,7,6,0,false,needs_structural_normalization,missing_or_invalid_difficulty|missing_servings|missing_total_time|source_ledger_missing|beginner_review_missing|legacy_ingredient_strings_need_editor_parse|step_v2_fields_missing
da47d6de-55b7-4419-9a03-8dcfcb626994,두부양갱,후식,mapped,dessert,6,legacy_strings,0,6,6,0,false,needs_structural_normalization,missing_or_invalid_difficulty|missing_servings|missing_total_time|source_ledger_missing|beginner_review_missing|legacy_ingredient_strings_need_editor_parse|step_v2_fields_missing
5884a1aa-72b4-45f2-a90f-b081babb3319,단호박 스프,일품,mapped,other,13,legacy_strings,0,13,6,0,false,needs_structural_normalization,missing_or_invalid_difficulty|missing_servings|missing_total_time|source_ledger_missing|beginner_review_missing|legacy_ingredient_strings_need_editor_parse|step_v2_fields_missing
3db3ef30-3bd3-4f04-8e21-dbdddcd84d76,새우 완자탕,국&찌개,unresolved,,12,legacy_strings,0,12,6,0,false,needs_structural_normalization,category_unresolved|missing_or_invalid_difficulty|missing_servings|missing_total_time|source_ledger_missing|beginner_review_missing|legacy_ingredient_strings_need_editor_parse|step_v2_fields_missing
91038154-02d2-457e-9843-225c2eafeb8c,생강향의 고구마 크로켓,후식,mapped,dessert,11,legacy_strings,0,11,6,0,false,needs_structural_normalization,missing_or_invalid_difficulty|missing_servings|missing_total_time|source_ledger_missing|beginner_review_missing|legacy_ingredient_strings_need_editor_parse|step_v2_fields_missing
14cbfca0-bb19-494d-b252-de17c202791e,알파벳 스프,일품,mapped,other,10,legacy_strings,0,10,6,0,false,needs_structural_normalization,missing_or_invalid_difficulty|missing_servings|missing_total_time|source_ledger_missing|beginner_review_missing|legacy_ingredient_strings_need_editor_parse|step_v2_fields_missing
1578069a-fd6d-4746-95db-8ba5742c8027,야채 과일 돌구이,반찬,mapped,side,4,legacy_strings,0,4,6,0,false,needs_structural_normalization,missing_or_invalid_difficulty|missing_servings|missing_total_time|source_ledger_missing|beginner_review_missing|legacy_ingredient_strings_need_editor_parse|step_v2_fields_missing
1250f961-cba7-4353-904d-940ccbdc0556,영양 달걀찜,반찬,mapped,side,11,legacy_strings,0,11,6,0,false,needs_structural_normalization,missing_or_invalid_difficulty|missing_servings|missing_total_time|source_ledger_missing|beginner_review_missing|legacy_ingredient_strings_need_editor_parse|step_v2_fields_missing
e5c9672d-671f-4d6b-8d7f-96da2f0ed450,유부 달걀찜,반찬,mapped,side,7,legacy_strings,0,7,6,0,false,needs_structural_normalization,missing_or_invalid_difficulty|missing_servings|missing_total_time|source_ledger_missing|beginner_review_missing|legacy_ingredient_strings_need_editor_parse|step_v2_fields_missing
a47c75ae-7288-4a8d-8144-6f6094860b5e,유부 우엉 잡채,반찬,mapped,side,10,legacy_strings,0,10,6,0,false,needs_structural_normalization,missing_or_invalid_difficulty|missing_servings|missing_total_time|source_ledger_missing|beginner_review_missing|legacy_ingredient_strings_need_editor_parse|step_v2_fields_missing
49779d93-b723-4bd2-80aa-5490496a19ab,치즈두부샐러드,반찬,mapped,side,9,legacy_strings,0,9,6,0,false,needs_structural_normalization,missing_or_invalid_difficulty|missing_servings|missing_total_time|source_ledger_missing|beginner_review_missing|legacy_ingredient_strings_need_editor_parse|step_v2_fields_missing
0af64b10-5977-4496-830e-41b2aa40c465,된장숙성저수분수육,반찬,mapped,side,8,legacy_strings,0,8,6,0,false,needs_structural_normalization,missing_or_invalid_difficulty|missing_servings|missing_total_time|source_ledger_missing|beginner_review_missing|legacy_ingredient_strings_need_editor_parse|step_v2_fields_missing
74f90be6-1ff1-466d-843f-c147cf45e607,스마일오이피클,반찬,mapped,side,9,legacy_strings,0,9,6,0,false,needs_structural_normalization,missing_or_invalid_difficulty|missing_servings|missing_total_time|source_ledger_missing|beginner_review_missing|legacy_ingredient_strings_need_editor_parse|step_v2_fields_missing
c28df096-a549-4f7e-a81c-c78f67637c21,참나물 소보로덮밥,일품,mapped,other,11,legacy_strings,0,11,6,0,false,needs_structural_normalization,missing_or_invalid_difficulty|missing_servings|missing_total_time|source_ledger_missing|beginner_review_missing|legacy_ingredient_strings_need_editor_parse|step_v2_fields_missing
de003f0f-add0-43ae-9028-056ea729c4a4,버섯초계탕,일품,mapped,other,13,legacy_strings,0,13,6,0,false,needs_structural_normalization,missing_or_invalid_difficulty|missing_servings|missing_total_time|source_ledger_missing|beginner_review_missing|legacy_ingredient_strings_need_editor_parse|step_v2_fields_missing
051e92ce-34b0-4693-be8a-78c6ab180453,사과채소타코,기타,mapped,other,18,legacy_strings,0,18,6,0,false,needs_structural_normalization,missing_or_invalid_difficulty|missing_servings|missing_total_time|source_ledger_missing|beginner_review_missing|legacy_ingredient_strings_need_editor_parse|step_v2_fields_missing
08600c65-877b-4223-bab4-48a6138f5371,세 가지 맛 공기과자,후식,mapped,dessert,8,legacy_strings,0,8,6,0,false,needs_structural_normalization,missing_or_invalid_difficulty|missing_servings|missing_total_time|source_ledger_missing|beginner_review_missing|legacy_ingredient_strings_need_editor_parse|step_v2_fields_missing
4a4ad5f6-8cfc-4a1d-8f6d-bee74fb28d65,케첩 완자,반찬,mapped,side,7,legacy_strings,0,7,6,0,false,needs_structural_normalization,missing_or_invalid_difficulty|missing_servings|missing_total_time|source_ledger_missing|beginner_review_missing|legacy_ingredient_strings_need_editor_parse|step_v2_fields_missing
99707275-24ad-4576-8c01-d7ec5f2948f1,고구마 경단,후식,mapped,dessert,7,legacy_strings,0,7,6,0,false,needs_structural_normalization,missing_or_invalid_difficulty|missing_servings|missing_total_time|source_ledger_missing|beginner_review_missing|legacy_ingredient_strings_need_editor_parse|step_v2_fields_missing
f2ce2797-56ce-4d99-975f-3dfef9f03b70,두부 깻잎 과자,후식,mapped,dessert,8,legacy_strings,0,8,6,0,false,needs_structural_normalization,missing_or_invalid_difficulty|missing_servings|missing_total_time|source_ledger_missing|beginner_review_missing|legacy_ingredient_strings_need_editor_parse|step_v2_fields_missing
1826e089-f3d8-4665-8f36-d02adfe431f1,복숭아 화채,후식,mapped,dessert,6,legacy_strings,0,6,6,0,false,needs_structural_normalization,missing_or_invalid_difficulty|missing_servings|missing_total_time|source_ledger_missing|beginner_review_missing|legacy_ingredient_strings_need_editor_parse|step_v2_fields_missing
8a633fc6-1da5-4613-8743-16d868c58311,사과 포도주스 조림,후식,mapped,dessert,4,legacy_strings,0,4,6,0,false,needs_structural_normalization,missing_or_invalid_difficulty|missing_servings|missing_total_time|source_ledger_missing|beginner_review_missing|legacy_ingredient_strings_need_editor_parse|step_v2_fields_missing
c5ffd87f-8d0b-43e7-afe3-0e0263dd7d5f,홍시 쉐이크,후식,mapped,dessert,6,legacy_strings,0,6,6,0,false,needs_structural_normalization,missing_or_invalid_difficulty|missing_servings|missing_total_time|source_ledger_missing|beginner_review_missing|legacy_ingredient_strings_need_editor_parse|step_v2_fields_missing
a3233039-20e5-4b81-84db-044ec15c53f7,김치떡,후식,mapped,dessert,10,legacy_strings,0,10,6,0,false,needs_structural_normalization,missing_or_invalid_difficulty|missing_servings|missing_total_time|source_ledger_missing|beginner_review_missing|legacy_ingredient_strings_need_editor_parse|step_v2_fields_missing
9eef680c-f142-49fb-a0f4-9614f82d6220,누룽지 피자,후식,mapped,dessert,16,legacy_strings,0,16,6,0,false,needs_structural_normalization,missing_or_invalid_difficulty|missing_servings|missing_total_time|source_ledger_missing|beginner_review_missing|legacy_ingredient_strings_need_editor_parse|step_v2_fields_missing
f62ccefe-433e-495d-9589-79f53057d246,단호박 새우찜,반찬,mapped,side,13,legacy_strings,0,13,6,0,false,needs_structural_normalization,missing_or_invalid_difficulty|missing_servings|missing_total_time|source_ledger_missing|beginner_review_missing|legacy_ingredient_strings_need_editor_parse|step_v2_fields_missing
79e1d432-c8ad-4908-ab98-6affa9685b57,두부 샌드위치,반찬,mapped,side,9,legacy_strings,0,9,6,0,false,needs_structural_normalization,missing_or_invalid_difficulty|missing_servings|missing_total_time|source_ledger_missing|beginner_review_missing|legacy_ingredient_strings_need_editor_parse|step_v2_fields_missing
54b57b94-b0c2-479d-8019-13f257ef9899,"레몬, 파슬리 빵가루를 입힌 도미",반찬,mapped,side,9,legacy_strings,0,9,6,0,false,needs_structural_normalization,missing_or_invalid_difficulty|missing_servings|missing_total_time|source_ledger_missing|beginner_review_missing|legacy_ingredient_strings_need_editor_parse|step_v2_fields_missing
b424f585-3d51-4157-8def-c47b4bfa2a81,배추 달걀볶음,반찬,mapped,side,11,legacy_strings,0,11,6,0,false,needs_structural_normalization,missing_or_invalid_difficulty|missing_servings|missing_total_time|source_ledger_missing|beginner_review_missing|legacy_ingredient_strings_need_editor_parse|step_v2_fields_missing
6a9ba918-ea10-48b0-a743-b5a8d9997ce2,롤피자,후식,mapped,dessert,15,legacy_strings,0,15,6,0,false,needs_structural_normalization,missing_or_invalid_difficulty|missing_servings|missing_total_time|source_ledger_missing|beginner_review_missing|legacy_ingredient_strings_need_editor_parse|step_v2_fields_missing
055d1f71-368b-4c26-a29e-af1142ed39a9,닭곰탕,국&찌개,unresolved,,11,legacy_strings,0,11,6,0,false,needs_structural_normalization,category_unresolved|missing_or_invalid_difficulty|missing_servings|missing_total_time|source_ledger_missing|beginner_review_missing|legacy_ingredient_strings_need_editor_parse|step_v2_fields_missing
876c4340-c96d-4ca7-9e02-f60a76d89b93,미나리버섯고기말이&산채소스,반찬,mapped,side,11,legacy_strings,0,11,6,0,false,needs_structural_normalization,missing_or_invalid_difficulty|missing_servings|missing_total_time|source_ledger_missing|beginner_review_missing|legacy_ingredient_strings_need_editor_parse|step_v2_fields_missing
ebe49670-5f6c-4bce-9490-327f6fc0143a,오이파프리카새콤무침,반찬,mapped,side,5,legacy_strings,0,5,6,0,false,needs_structural_normalization,missing_or_invalid_difficulty|missing_servings|missing_total_time|source_ledger_missing|beginner_review_missing|legacy_ingredient_strings_need_editor_parse|step_v2_fields_missing
94b68011-f2a8-4f6e-a2a3-25acf08517a0,양상추샐러드 & 과일드레싱,반찬,mapped,side,7,legacy_strings,0,7,6,0,false,needs_structural_normalization,missing_or_invalid_difficulty|missing_servings|missing_total_time|source_ledger_missing|beginner_review_missing|legacy_ingredient_strings_need_editor_parse|step_v2_fields_missing
c184437a-6b58-4b91-befa-241762d7cbdc,시금치들깨무침,반찬,mapped,side,7,legacy_strings,0,7,6,0,false,needs_structural_normalization,missing_or_invalid_difficulty|missing_servings|missing_total_time|source_ledger_missing|beginner_review_missing|legacy_ingredient_strings_need_editor_parse|step_v2_fields_missing
8883d65f-194f-4d09-8559-5f301570c9df,바지락 볶음면,일품,mapped,other,19,legacy_strings,0,19,6,0,false,needs_structural_normalization,missing_or_invalid_difficulty|missing_servings|missing_total_time|source_ledger_missing|beginner_review_missing|legacy_ingredient_strings_need_editor_parse|step_v2_fields_missing
8776b85e-bdc9-40c6-bde7-77235624a883,채소롤초밥,밥,mapped,rice,8,legacy_strings,0,8,6,0,false,needs_structural_normalization,missing_or_invalid_difficulty|missing_servings|missing_total_time|source_ledger_missing|beginner_review_missing|legacy_ingredient_strings_need_editor_parse|step_v2_fields_missing
44fa9695-826d-40b7-9070-ef816d9a9d28,초코바나나 두부크림빵,후식,mapped,dessert,16,legacy_strings,0,16,6,0,false,needs_structural_normalization,missing_or_invalid_difficulty|missing_servings|missing_total_time|source_ledger_missing|beginner_review_missing|legacy_ingredient_strings_need_editor_parse|step_v2_fields_missing
236c0e6d-92c4-4190-8d1f-5112f686c190,미니 떡갈비,반찬,mapped,side,13,legacy_strings,0,13,6,0,false,needs_structural_normalization,missing_or_invalid_difficulty|missing_servings|missing_total_time|source_ledger_missing|beginner_review_missing|legacy_ingredient_strings_need_editor_parse|step_v2_fields_missing
bbf49a4b-9343-4269-8d7f-5670f143e90f,사과와 양파를 곁들인 돼지등심 요리,반찬,mapped,side,8,legacy_strings,0,8,6,0,false,needs_structural_normalization,missing_or_invalid_difficulty|missing_servings|missing_total_time|source_ledger_missing|beginner_review_missing|legacy_ingredient_strings_need_editor_parse|step_v2_fields_missing
c28e7f90-fafa-42b1-b9b8-9b57c9fd0dc9,와인배숙,후식,mapped,dessert,6,legacy_strings,0,6,6,0,false,needs_structural_normalization,missing_or_invalid_difficulty|missing_servings|missing_total_time|source_ledger_missing|beginner_review_missing|legacy_ingredient_strings_need_editor_parse|step_v2_fields_missing
ad1ea8e7-3785-44c4-83d8-9726447de853,새우 속을 채운 리치와 감자튀김,반찬,mapped,side,18,legacy_strings,0,18,6,0,false,needs_structural_normalization,missing_or_invalid_difficulty|missing_servings|missing_total_time|source_ledger_missing|beginner_review_missing|legacy_ingredient_strings_need_editor_parse|step_v2_fields_missing
1ef6845b-56a5-4146-be7c-926d407ea52e,생선살 완자 찹쌀 찜,반찬,mapped,side,9,legacy_strings,0,9,6,0,false,needs_structural_normalization,missing_or_invalid_difficulty|missing_servings|missing_total_time|source_ledger_missing|beginner_review_missing|legacy_ingredient_strings_need_editor_parse|step_v2_fields_missing
bdae3edc-9861-430d-96cc-88a6fb50dca2,서양식 씨리얼(뮤즐리),일품,mapped,other,10,legacy_strings,0,10,6,0,false,needs_structural_normalization,missing_or_invalid_difficulty|missing_servings|missing_total_time|source_ledger_missing|beginner_review_missing|legacy_ingredient_strings_need_editor_parse|step_v2_fields_missing
0f6266f8-785c-4d8c-a43a-332bef901d83,아보카도 달걀 샌드위치,일품,mapped,other,9,legacy_strings,0,9,6,0,false,needs_structural_normalization,missing_or_invalid_difficulty|missing_servings|missing_total_time|source_ledger_missing|beginner_review_missing|legacy_ingredient_strings_need_editor_parse|step_v2_fields_missing
d195064e-59ef-4d9c-b205-0cefe10c4db6,알록달록 시금치 당근 수제비,반찬,mapped,side,11,legacy_strings,0,11,6,0,false,needs_structural_normalization,missing_or_invalid_difficulty|missing_servings|missing_total_time|source_ledger_missing|beginner_review_missing|legacy_ingredient_strings_need_editor_parse|step_v2_fields_missing
03a41c4f-cebf-443c-bd4e-c5541615969f,인도식만두구이(사모사),일품,mapped,other,13,legacy_strings,0,13,6,0,false,needs_structural_normalization,missing_or_invalid_difficulty|missing_servings|missing_total_time|source_ledger_missing|beginner_review_missing|legacy_ingredient_strings_need_editor_parse|step_v2_fields_missing
bac8a72f-5ada-46b1-8f17-eadacbdb3e20,중국식 바비큐 폭립,반찬,mapped,side,13,legacy_strings,0,13,6,0,false,needs_structural_normalization,missing_or_invalid_difficulty|missing_servings|missing_total_time|source_ledger_missing|beginner_review_missing|legacy_ingredient_strings_need_editor_parse|step_v2_fields_missing
9baff092-0834-4d82-b60e-0b08f26a80f5,"제주도 빙떡, 귤간장소스",반찬,mapped,side,10,legacy_strings,0,10,6,0,false,needs_structural_normalization,missing_or_invalid_difficulty|missing_servings|missing_total_time|source_ledger_missing|beginner_review_missing|legacy_ingredient_strings_need_editor_parse|step_v2_fields_missing
aabdb721-2c26-4c16-9c25-1c3548a6c164,퓨전떡갈비,반찬,mapped,side,10,legacy_strings,0,10,6,0,false,needs_structural_normalization,missing_or_invalid_difficulty|missing_servings|missing_total_time|source_ledger_missing|beginner_review_missing|legacy_ingredient_strings_need_editor_parse|step_v2_fields_missing
5b99e12e-12e7-47d0-a6b7-eae2cfb3c62f,마늘칩 감자샐러드,반찬,mapped,side,8,legacy_strings,0,8,6,0,false,needs_structural_normalization,missing_or_invalid_difficulty|missing_servings|missing_total_time|source_ledger_missing|beginner_review_missing|legacy_ingredient_strings_need_editor_parse|step_v2_fields_missing
a512a86e-fd73-4198-bf23-f9774937e4d2,시래기닭조림,반찬,mapped,side,13,legacy_strings,0,13,6,0,false,needs_structural_normalization,missing_or_invalid_difficulty|missing_servings|missing_total_time|source_ledger_missing|beginner_review_missing|legacy_ingredient_strings_need_editor_parse|step_v2_fields_missing
54c56bc4-b1ec-4cc7-ba2d-cfa3745f0341,두부튀김&무소스,반찬,mapped,side,12,legacy_strings,0,12,6,0,false,needs_structural_normalization,missing_or_invalid_difficulty|missing_servings|missing_total_time|source_ledger_missing|beginner_review_missing|legacy_ingredient_strings_need_editor_parse|step_v2_fields_missing
cba35703-f6cb-4a8b-ba43-17c1ddbf8d28,오징어튀김&딸기쨈,반찬,mapped,side,6,legacy_strings,0,6,6,0,false,needs_structural_normalization,missing_or_invalid_difficulty|missing_servings|missing_total_time|source_ledger_missing|beginner_review_missing|legacy_ingredient_strings_need_editor_parse|step_v2_fields_missing
cdf5c00c-24e7-4ec3-a1f9-f8c9be2e624b,감귤콩샐러드,반찬,mapped,side,8,legacy_strings,0,8,6,0,false,needs_structural_normalization,missing_or_invalid_difficulty|missing_servings|missing_total_time|source_ledger_missing|beginner_review_missing|legacy_ingredient_strings_need_editor_parse|step_v2_fields_missing
78e9b57e-4909-4e1e-8bcd-0fcc39bfb885,바질향이 향긋한 고구마 찰 바케트,기타,mapped,other,18,legacy_strings,0,18,6,0,false,needs_structural_normalization,missing_or_invalid_difficulty|missing_servings|missing_total_time|source_ledger_missing|beginner_review_missing|legacy_ingredient_strings_need_editor_parse|step_v2_fields_missing
bbb41066-a14c-456c-8238-41370a108fe9,두유 크림 현미리소토,일품,mapped,other,12,legacy_strings,0,12,6,0,false,needs_structural_normalization,missing_or_invalid_difficulty|missing_servings|missing_total_time|source_ledger_missing|beginner_review_missing|legacy_ingredient_strings_need_editor_parse|step_v2_fields_missing
03481f38-b86b-46ad-942c-6b858cd4ed36,당근새우 카나페,후식,mapped,dessert,13,legacy_strings,0,13,6,0,false,needs_structural_normalization,missing_or_invalid_difficulty|missing_servings|missing_total_time|source_ledger_missing|beginner_review_missing|legacy_ingredient_strings_need_editor_parse|step_v2_fields_missing
ead2fc65-1786-486d-85c4-74d93c21b998,아보카도 수란샐러드,반찬,mapped,side,14,legacy_strings,0,14,5,0,false,needs_structural_normalization,missing_or_invalid_difficulty|missing_servings|missing_total_time|source_ledger_missing|beginner_review_missing|legacy_ingredient_strings_need_editor_parse|step_v2_fields_missing
63094b90-b596-452e-846b-3f49af5d3b52,참깨 오렌지 쇠고기,반찬,mapped,side,11,legacy_strings,0,11,6,0,false,needs_structural_normalization,missing_or_invalid_difficulty|missing_servings|missing_total_time|source_ledger_missing|beginner_review_missing|legacy_ingredient_strings_need_editor_parse|step_v2_fields_missing
9be17b08-c965-4f2f-aa71-f2e118166c95,치킨 버거 스테이크,일품,mapped,other,10,legacy_strings,0,10,6,0,false,needs_structural_normalization,missing_or_invalid_difficulty|missing_servings|missing_total_time|source_ledger_missing|beginner_review_missing|legacy_ingredient_strings_need_editor_parse|step_v2_fields_missing
219a67e4-8c37-4f81-a920-851c836352cf,낫토 시래기 라이스전,후식,mapped,dessert,12,legacy_strings,0,12,6,0,false,needs_structural_normalization,missing_or_invalid_difficulty|missing_servings|missing_total_time|source_ledger_missing|beginner_review_missing|legacy_ingredient_strings_need_editor_parse|step_v2_fields_missing
c2a4e6dc-1bbd-4d41-b2a7-4d1d07d7b0fb,나스와 샐러드,반찬,mapped,side,15,legacy_strings,0,15,6,0,false,needs_structural_normalization,missing_or_invalid_difficulty|missing_servings|missing_total_time|source_ledger_missing|beginner_review_missing|legacy_ingredient_strings_need_editor_parse|step_v2_fields_missing
fe2184b4-f1db-4519-9894-8080e133dc8a,다시마전,반찬,mapped,side,13,legacy_strings,0,13,6,0,false,needs_structural_normalization,missing_or_invalid_difficulty|missing_servings|missing_total_time|source_ledger_missing|beginner_review_missing|legacy_ingredient_strings_need_editor_parse|step_v2_fields_missing
505f2141-5f32-4e97-90eb-2723c1d1031d,모듬옥수수,반찬,mapped,side,8,legacy_strings,0,8,6,0,false,needs_structural_normalization,missing_or_invalid_difficulty|missing_servings|missing_total_time|source_ledger_missing|beginner_review_missing|legacy_ingredient_strings_need_editor_parse|step_v2_fields_missing
bb598cf6-feb8-4421-96da-25fdc66b6bba,영유아를 위한 고소한 닭꼬치,반찬,mapped,side,8,legacy_strings,0,8,6,0,false,needs_structural_normalization,missing_or_invalid_difficulty|missing_servings|missing_total_time|source_ledger_missing|beginner_review_missing|legacy_ingredient_strings_need_editor_parse|step_v2_fields_missing
fead1907-9952-4e53-800d-f36521e163cb,군고구마 라떼,후식,mapped,dessert,3,legacy_strings,0,3,6,0,false,needs_structural_normalization,missing_or_invalid_difficulty|missing_servings|missing_total_time|source_ledger_missing|beginner_review_missing|legacy_ingredient_strings_need_editor_parse|step_v2_fields_missing
69cc7279-fcfa-4a2f-999c-975e8a947828,버섯 들깨탕,국&찌개,unresolved,,10,legacy_strings,0,10,6,0,false,needs_structural_normalization,category_unresolved|missing_or_invalid_difficulty|missing_servings|missing_total_time|source_ledger_missing|beginner_review_missing|legacy_ingredient_strings_need_editor_parse|step_v2_fields_missing
b5f57d15-adf1-421a-88d0-99f3881e3dba,산마드래싱과 실곤약 샐러드,반찬,mapped,side,11,legacy_strings,0,11,6,0,false,needs_structural_normalization,missing_or_invalid_difficulty|missing_servings|missing_total_time|source_ledger_missing|beginner_review_missing|legacy_ingredient_strings_need_editor_parse|step_v2_fields_missing
3d4f1730-66ff-4ecd-b5b6-2e789352515b,산호두부,반찬,mapped,side,9,legacy_strings,0,9,6,0,false,needs_structural_normalization,missing_or_invalid_difficulty|missing_servings|missing_total_time|source_ledger_missing|beginner_review_missing|legacy_ingredient_strings_need_editor_parse|step_v2_fields_missing
1e3fb688-6bb1-4740-8859-6d012363f557,섭산삼,후식,mapped,dessert,8,legacy_strings,0,8,6,0,false,needs_structural_normalization,missing_or_invalid_difficulty|missing_servings|missing_total_time|source_ledger_missing|beginner_review_missing|legacy_ingredient_strings_need_editor_parse|step_v2_fields_missing
83e9fbfc-2ed6-48d9-bdd9-c7a6a033601a,시금치 돼지고기 볶음,반찬,mapped,side,9,legacy_strings,0,9,6,0,false,needs_structural_normalization,missing_or_invalid_difficulty|missing_servings|missing_total_time|source_ledger_missing|beginner_review_missing|legacy_ingredient_strings_need_editor_parse|step_v2_fields_missing
fada82da-9171-4418-bd3e-636f3351e043,발사믹과 로즈마리로 향을 낸 오븐구이 야채,반찬,mapped,side,9,legacy_strings,0,9,6,0,false,needs_structural_normalization,missing_or_invalid_difficulty|missing_servings|missing_total_time|source_ledger_missing|beginner_review_missing|legacy_ingredient_strings_need_editor_parse|step_v2_fields_missing
1fc8a7ea-933c-4776-92d5-5c2813808c64,종이에 싸서 구운 도미(파필로테),반찬,mapped,side,18,legacy_strings,0,18,6,0,false,needs_structural_normalization,missing_or_invalid_difficulty|missing_servings|missing_total_time|source_ledger_missing|beginner_review_missing|legacy_ingredient_strings_need_editor_parse|step_v2_fields_missing
80f646d7-c946-404d-8ae4-4bd02bb66f17,무염 겉절이,반찬,mapped,side,10,legacy_strings,0,10,6,0,false,needs_structural_normalization,missing_or_invalid_difficulty|missing_servings|missing_total_time|source_ledger_missing|beginner_review_missing|legacy_ingredient_strings_need_editor_parse|step_v2_fields_missing
5da7bd8c-9e0f-4f97-b1ed-18c6971dacc0,식혜 팥빙수,후식,mapped,dessert,6,legacy_strings,0,6,6,0,false,needs_structural_normalization,missing_or_invalid_difficulty|missing_servings|missing_total_time|source_ledger_missing|beginner_review_missing|legacy_ingredient_strings_need_editor_parse|step_v2_fields_missing
5c263d25-a405-4285-b29a-d152d9a7e440,누룽지상추샐러드&유자드레싱,반찬,mapped,side,10,legacy_strings,0,10,6,0,false,needs_structural_normalization,missing_or_invalid_difficulty|missing_servings|missing_total_time|source_ledger_missing|beginner_review_missing|legacy_ingredient_strings_need_editor_parse|step_v2_fields_missing
f53d8b46-0542-489b-91da-2488520e0ab9,견과류 미숫가루 빵,기타,mapped,other,16,legacy_strings,0,16,6,0,false,needs_structural_normalization,missing_or_invalid_difficulty|missing_servings|missing_total_time|source_ledger_missing|beginner_review_missing|legacy_ingredient_strings_need_editor_parse|step_v2_fields_missing
0df39ba3-6ad6-440c-8216-2ce709a13a45,돼지 함초 덮밥,일품,mapped,other,21,legacy_strings,0,21,6,0,false,needs_structural_normalization,missing_or_invalid_difficulty|missing_servings|missing_total_time|source_ledger_missing|beginner_review_missing|legacy_ingredient_strings_need_editor_parse|step_v2_fields_missing
1eab460e-f5e4-4a2b-a006-e5ad3b57a2ca,닭가슴살 채소쌈,일품,mapped,other,13,legacy_strings,0,13,6,0,false,needs_structural_normalization,missing_or_invalid_difficulty|missing_servings|missing_total_time|source_ledger_missing|beginner_review_missing|legacy_ingredient_strings_need_editor_parse|step_v2_fields_missing
747ba535-329f-4f16-92db-c53ed5de5f31,콩감태유자 스콘,후식,mapped,dessert,9,legacy_strings,0,9,6,0,false,needs_structural_normalization,missing_or_invalid_difficulty|missing_servings|missing_total_time|source_ledger_missing|beginner_review_missing|legacy_ingredient_strings_need_editor_parse|step_v2_fields_missing
4bddda90-cb66-4af6-9a97-1d7dc7480f11,호두 사과 샐러드,후식,mapped,dessert,8,legacy_strings,0,8,6,0,false,needs_structural_normalization,missing_or_invalid_difficulty|missing_servings|missing_total_time|source_ledger_missing|beginner_review_missing|legacy_ingredient_strings_need_editor_parse|step_v2_fields_missing
91ea031b-bee2-45f9-a186-c4bf7e979920,고구마란,후식,mapped,dessert,5,legacy_strings,0,5,6,0,false,needs_structural_normalization,missing_or_invalid_difficulty|missing_servings|missing_total_time|source_ledger_missing|beginner_review_missing|legacy_ingredient_strings_need_editor_parse|step_v2_fields_missing
1b94ddba-cc55-4231-a2bc-e33b5ff7aa48,과일 파이,후식,mapped,dessert,6,legacy_strings,0,6,6,0,false,needs_structural_normalization,missing_or_invalid_difficulty|missing_servings|missing_total_time|source_ledger_missing|beginner_review_missing|legacy_ingredient_strings_need_editor_parse|step_v2_fields_missing
c8ef22f1-be76-4051-a971-9c63471f994f,수삼당근정과,후식,mapped,dessert,5,legacy_strings,0,5,6,0,false,needs_structural_normalization,missing_or_invalid_difficulty|missing_servings|missing_total_time|source_ledger_missing|beginner_review_missing|legacy_ingredient_strings_need_editor_parse|step_v2_fields_missing
313afe23-095b-44f1-976f-4e619e0b0388,잡곡강정,후식,mapped,dessert,6,legacy_strings,0,6,6,0,false,needs_structural_normalization,missing_or_invalid_difficulty|missing_servings|missing_total_time|source_ledger_missing|beginner_review_missing|legacy_ingredient_strings_need_editor_parse|step_v2_fields_missing
85b9b051-fba2-43c9-8e22-a52b4de041ed,잣 호두 강정,후식,mapped,dessert,5,legacy_strings,0,5,6,0,false,needs_structural_normalization,missing_or_invalid_difficulty|missing_servings|missing_total_time|source_ledger_missing|beginner_review_missing|legacy_ingredient_strings_need_editor_parse|step_v2_fields_missing
166ac514-7b97-433f-8e4e-c076dcedcbd6,현미 크레이프,후식,mapped,dessert,8,legacy_strings,0,8,6,0,false,needs_structural_normalization,missing_or_invalid_difficulty|missing_servings|missing_total_time|source_ledger_missing|beginner_review_missing|legacy_ingredient_strings_need_editor_parse|step_v2_fields_missing
5c248c30-2c81-476e-a1bb-17ed08db4abf,감자 주먹밥,밥,mapped,rice,10,legacy_strings,0,10,6,0,false,needs_structural_normalization,missing_or_invalid_difficulty|missing_servings|missing_total_time|source_ledger_missing|beginner_review_missing|legacy_ingredient_strings_need_editor_parse|step_v2_fields_missing
77326e2b-c50e-4a8e-aa4a-a3e5679985ca,고기완두조림,반찬,mapped,side,8,legacy_strings,0,8,6,0,false,needs_structural_normalization,missing_or_invalid_difficulty|missing_servings|missing_total_time|source_ledger_missing|beginner_review_missing|legacy_ingredient_strings_need_editor_parse|step_v2_fields_missing
662f15d7-3d0e-498f-a46a-bd7bd173e672,생선 파피요트,일품,mapped,other,13,legacy_strings,0,13,5,0,false,needs_structural_normalization,missing_or_invalid_difficulty|missing_servings|missing_total_time|source_ledger_missing|beginner_review_missing|legacy_ingredient_strings_need_editor_parse|step_v2_fields_missing
f2464005-bbb0-4a07-a93a-4af78da8b2c3,니고랭,일품,mapped,other,14,legacy_strings,0,14,6,0,false,needs_structural_normalization,missing_or_invalid_difficulty|missing_servings|missing_total_time|source_ledger_missing|beginner_review_missing|legacy_ingredient_strings_need_editor_parse|step_v2_fields_missing
3e27cbe8-8714-4d69-a378-4481d53fca75,돼지갈비 볶음,반찬,mapped,side,11,legacy_strings,0,11,6,0,false,needs_structural_normalization,missing_or_invalid_difficulty|missing_servings|missing_total_time|source_ledger_missing|beginner_review_missing|legacy_ingredient_strings_need_editor_parse|step_v2_fields_missing
881de46f-6e52-4833-949f-378a32d8e3ec,미니 그라탕,일품,mapped,other,11,legacy_strings,0,11,6,0,false,needs_structural_normalization,missing_or_invalid_difficulty|missing_servings|missing_total_time|source_ledger_missing|beginner_review_missing|legacy_ingredient_strings_need_editor_parse|step_v2_fields_missing
dba22136-cb09-4e94-9b0a-50972fa1ddcf,밀라노 스타일 포크 커틀렛,반찬,mapped,side,12,legacy_strings,0,12,6,0,false,needs_structural_normalization,missing_or_invalid_difficulty|missing_servings|missing_total_time|source_ledger_missing|beginner_review_missing|legacy_ingredient_strings_need_editor_parse|step_v2_fields_missing
ecb15ff1-fa3b-4e76-92f7-a735e03100fd,삼색 꽃 화전,반찬,mapped,side,7,legacy_strings,0,7,6,0,false,needs_structural_normalization,missing_or_invalid_difficulty|missing_servings|missing_total_time|source_ledger_missing|beginner_review_missing|legacy_ingredient_strings_need_editor_parse|step_v2_fields_missing
67cfa49a-5d4c-4294-8815-0b988d8f09ad,알록달록연근튀김,반찬,mapped,side,9,legacy_strings,0,9,6,0,false,needs_structural_normalization,missing_or_invalid_difficulty|missing_servings|missing_total_time|source_ledger_missing|beginner_review_missing|legacy_ingredient_strings_need_editor_parse|step_v2_fields_missing
411fd09b-aa25-4e8d-9f8d-f25e1e87c30c,잎채소튀김,반찬,mapped,side,7,legacy_strings,0,7,6,0,false,needs_structural_normalization,missing_or_invalid_difficulty|missing_servings|missing_total_time|source_ledger_missing|beginner_review_missing|legacy_ingredient_strings_need_editor_parse|step_v2_fields_missing
392d2750-fdaa-44f8-9e93-2acdb5b954f9,포항초사과샐러드,반찬,mapped,side,8,legacy_strings,0,8,6,0,false,needs_structural_normalization,missing_or_invalid_difficulty|missing_servings|missing_total_time|source_ledger_missing|beginner_review_missing|legacy_ingredient_strings_need_editor_parse|step_v2_fields_missing
5969b8fb-a1be-4530-a1b2-c45bb5e443fb,시금치 후무스,기타,mapped,other,9,legacy_strings,0,9,5,0,false,needs_structural_normalization,missing_or_invalid_difficulty|missing_servings|missing_total_time|source_ledger_missing|beginner_review_missing|legacy_ingredient_strings_need_editor_parse|step_v2_fields_missing
be60162c-2097-4f01-998e-bd6f9b45d89e,클로－바,후식,mapped,dessert,13,legacy_strings,0,13,6,0,false,needs_structural_normalization,missing_or_invalid_difficulty|missing_servings|missing_total_time|source_ledger_missing|beginner_review_missing|legacy_ingredient_strings_need_editor_parse|step_v2_fields_missing
b67ea61b-4754-4da4-a1b6-21779c70793c,매생이조랭이떡국,국&찌개,unresolved,,9,legacy_strings,0,9,6,0,false,needs_structural_normalization,category_unresolved|missing_or_invalid_difficulty|missing_servings|missing_total_time|source_ledger_missing|beginner_review_missing|legacy_ingredient_strings_need_editor_parse|step_v2_fields_missing
8099fc6a-fbcf-4711-bde3-556666175f2a,문어핫바,후식,mapped,dessert,11,legacy_strings,0,11,6,0,false,needs_structural_normalization,missing_or_invalid_difficulty|missing_servings|missing_total_time|source_ledger_missing|beginner_review_missing|legacy_ingredient_strings_need_editor_parse|step_v2_fields_missing
2b910242-24a6-45f7-8ef7-b33ab8276eaf,매실장아찌와 과매기구이,반찬,mapped,side,13,legacy_strings,0,13,6,0,false,needs_structural_normalization,missing_or_invalid_difficulty|missing_servings|missing_total_time|source_ledger_missing|beginner_review_missing|legacy_ingredient_strings_need_editor_parse|step_v2_fields_missing
fd6ec6d2-e058-41e3-b95d-439ceae253fc,자색고구마호떡,후식,mapped,dessert,10,legacy_strings,0,10,6,0,false,needs_structural_normalization,missing_or_invalid_difficulty|missing_servings|missing_total_time|source_ledger_missing|beginner_review_missing|legacy_ingredient_strings_need_editor_parse|step_v2_fields_missing
c9f5ae80-1b2c-4159-93c3-37098d30a4ed,김치밥그라탕,밥,mapped,rice,9,legacy_strings,0,9,6,0,false,needs_structural_normalization,missing_or_invalid_difficulty|missing_servings|missing_total_time|source_ledger_missing|beginner_review_missing|legacy_ingredient_strings_need_editor_parse|step_v2_fields_missing
25d7172f-5063-4729-9f95-643ac3244ccb,누룽지굴죽,밥,mapped,rice,8,legacy_strings,0,8,6,0,false,needs_structural_normalization,missing_or_invalid_difficulty|missing_servings|missing_total_time|source_ledger_missing|beginner_review_missing|legacy_ingredient_strings_need_editor_parse|step_v2_fields_missing
cee25079-d2ce-4887-bf39-1df0f2819e10,콩비지완자탕,국&찌개,unresolved,,15,legacy_strings,0,15,6,0,false,needs_structural_normalization,category_unresolved|missing_or_invalid_difficulty|missing_servings|missing_total_time|source_ledger_missing|beginner_review_missing|legacy_ingredient_strings_need_editor_parse|step_v2_fields_missing
ee1bf904-ca0f-48ec-a742-953cc4aecc5a,멍게비빔밥,밥,mapped,rice,11,legacy_strings,0,11,6,0,false,needs_structural_normalization,missing_or_invalid_difficulty|missing_servings|missing_total_time|source_ledger_missing|beginner_review_missing|legacy_ingredient_strings_need_editor_parse|step_v2_fields_missing
8bc2673a-ddd8-4030-9cea-f1df093db137,돼지갈비구이와 백김치와인조림,반찬,mapped,side,11,legacy_strings,0,11,6,0,false,needs_structural_normalization,missing_or_invalid_difficulty|missing_servings|missing_total_time|source_ledger_missing|beginner_review_missing|legacy_ingredient_strings_need_editor_parse|step_v2_fields_missing
9351f5c4-c414-403f-9194-852a09783f8b,오징어오곡밥순대,반찬,mapped,side,13,legacy_strings,0,13,6,0,false,needs_structural_normalization,missing_or_invalid_difficulty|missing_servings|missing_total_time|source_ledger_missing|beginner_review_missing|legacy_ingredient_strings_need_editor_parse|step_v2_fields_missing
1558175b-d0ba-4944-a1e2-b6f079ea2bc5,코다리 양념구이,반찬,mapped,side,10,legacy_strings,0,10,6,0,false,needs_structural_normalization,missing_or_invalid_difficulty|missing_servings|missing_total_time|source_ledger_missing|beginner_review_missing|legacy_ingredient_strings_need_editor_parse|step_v2_fields_missing
637cc3f0-03a8-4b23-9f65-4eae98765616,자색고구마찹쌀푸딩,후식,mapped,dessert,4,legacy_strings,0,4,6,0,false,needs_structural_normalization,missing_or_invalid_difficulty|missing_servings|missing_total_time|source_ledger_missing|beginner_review_missing|legacy_ingredient_strings_need_editor_parse|step_v2_fields_missing
72cc688e-6851-4fd4-9707-04325d815ded,대구버섯구이,반찬,mapped,side,11,legacy_strings,0,11,6,0,false,needs_structural_normalization,missing_or_invalid_difficulty|missing_servings|missing_total_time|source_ledger_missing|beginner_review_missing|legacy_ingredient_strings_need_editor_parse|step_v2_fields_missing
b91be7a8-8bfe-49ab-9c12-aae141067db2,잔멸치땅콩볶음,반찬,mapped,side,12,legacy_strings,0,12,6,0,false,needs_structural_normalization,missing_or_invalid_difficulty|missing_servings|missing_total_time|source_ledger_missing|beginner_review_missing|legacy_ingredient_strings_need_editor_parse|step_v2_fields_missing
3ce1d42e-003c-466f-b577-ed1744343997,밥 샌드위치,일품,mapped,other,7,legacy_strings,0,7,6,0,false,needs_structural_normalization,missing_or_invalid_difficulty|missing_servings|missing_total_time|source_ledger_missing|beginner_review_missing|legacy_ingredient_strings_need_editor_parse|step_v2_fields_missing
da5f050a-dc5a-4e8e-b1f8-0fde3690630c,버섯을 넣은 가지 라자냐,일품,mapped,other,14,legacy_strings,0,14,6,0,false,needs_structural_normalization,missing_or_invalid_difficulty|missing_servings|missing_total_time|source_ledger_missing|beginner_review_missing|legacy_ingredient_strings_need_editor_parse|step_v2_fields_missing
861b6a97-ec05-4c4c-bc7d-85ed1db45e02,밤 라떼,후식,mapped,dessert,4,legacy_strings,0,4,6,0,false,needs_structural_normalization,missing_or_invalid_difficulty|missing_servings|missing_total_time|source_ledger_missing|beginner_review_missing|legacy_ingredient_strings_need_editor_parse|step_v2_fields_missing
c1d551bc-07c2-45fe-bd85-9a9be90bb1c3,민들레무침,반찬,mapped,side,7,legacy_strings,0,7,6,0,false,needs_structural_normalization,missing_or_invalid_difficulty|missing_servings|missing_total_time|source_ledger_missing|beginner_review_missing|legacy_ingredient_strings_need_editor_parse|step_v2_fields_missing
0491c2a7-331b-4f43-96af-99b0f803c8cd,쇠고기말이 쌈밥,밥,mapped,rice,13,legacy_strings,0,13,6,0,false,needs_structural_normalization,missing_or_invalid_difficulty|missing_servings|missing_total_time|source_ledger_missing|beginner_review_missing|legacy_ingredient_strings_need_editor_parse|step_v2_fields_missing
7d1fbc9b-bcd1-4034-a199-7162f33d237c,스테이크 샐러드,반찬,mapped,side,10,legacy_strings,0,10,6,0,false,needs_structural_normalization,missing_or_invalid_difficulty|missing_servings|missing_total_time|source_ledger_missing|beginner_review_missing|legacy_ingredient_strings_need_editor_parse|step_v2_fields_missing
6c1534ed-c03a-42e1-a977-de35dc26fd53,씨앗죽,밥,mapped,rice,7,legacy_strings,0,7,6,0,false,needs_structural_normalization,missing_or_invalid_difficulty|missing_servings|missing_total_time|source_ledger_missing|beginner_review_missing|legacy_ingredient_strings_need_editor_parse|step_v2_fields_missing
b40f960d-9c3c-4018-91ab-9d4463de1c42,오븐에 구운 또띠아 칩과 아보카도 딥,후식,mapped,dessert,8,legacy_strings,0,8,6,0,false,needs_structural_normalization,missing_or_invalid_difficulty|missing_servings|missing_total_time|source_ledger_missing|beginner_review_missing|legacy_ingredient_strings_need_editor_parse|step_v2_fields_missing
80719a98-9afc-460a-845f-1b0169e62ed8,참치 쇠고기 양상추 쌈,반찬,mapped,side,13,legacy_strings,0,13,6,0,false,needs_structural_normalization,missing_or_invalid_difficulty|missing_servings|missing_total_time|source_ledger_missing|beginner_review_missing|legacy_ingredient_strings_need_editor_parse|step_v2_fields_missing
0c46ab02-bedb-4413-82e9-2cb4d6f41cf1,치킨 쇠고기 땅콩소스 꼬치,반찬,mapped,side,9,legacy_strings,0,9,6,0,false,needs_structural_normalization,missing_or_invalid_difficulty|missing_servings|missing_total_time|source_ledger_missing|beginner_review_missing|legacy_ingredient_strings_need_editor_parse|step_v2_fields_missing
121f16dd-971c-466f-b160-09b737b9a26d,커리향이 들어간 치킨샐러드 샌드위치,일품,mapped,other,11,legacy_strings,0,11,6,0,false,needs_structural_normalization,missing_or_invalid_difficulty|missing_servings|missing_total_time|source_ledger_missing|beginner_review_missing|legacy_ingredient_strings_need_editor_parse|step_v2_fields_missing
91cee68e-4b3c-45be-9db6-f4184e9a7b73,클럽 샌드위치,일품,mapped,other,11,legacy_strings,0,11,6,0,false,needs_structural_normalization,missing_or_invalid_difficulty|missing_servings|missing_total_time|source_ledger_missing|beginner_review_missing|legacy_ingredient_strings_need_editor_parse|step_v2_fields_missing
94401e1a-f296-48e0-b5d1-dbd837571a91,토마토 야채 오븐구이,반찬,mapped,side,13,legacy_strings,0,13,6,0,false,needs_structural_normalization,missing_or_invalid_difficulty|missing_servings|missing_total_time|source_ledger_missing|beginner_review_missing|legacy_ingredient_strings_need_editor_parse|step_v2_fields_missing
2c22c961-665a-489d-8501-6f2b802a277f,시금치비트무침,반찬,mapped,side,6,legacy_strings,0,6,6,0,false,needs_structural_normalization,missing_or_invalid_difficulty|missing_servings|missing_total_time|source_ledger_missing|beginner_review_missing|legacy_ingredient_strings_need_editor_parse|step_v2_fields_missing
f5d834d6-1cb1-4ce2-9b3b-fc46cb50ee9e,해초탕수,반찬,mapped,side,11,legacy_strings,0,11,6,0,false,needs_structural_normalization,missing_or_invalid_difficulty|missing_servings|missing_total_time|source_ledger_missing|beginner_review_missing|legacy_ingredient_strings_need_editor_parse|step_v2_fields_missing
3c242603-c3d6-4f8a-8408-b586fc9a8d0c,호두떡볶이,반찬,mapped,side,6,legacy_strings,0,6,6,0,false,needs_structural_normalization,missing_or_invalid_difficulty|missing_servings|missing_total_time|source_ledger_missing|beginner_review_missing|legacy_ingredient_strings_need_editor_parse|step_v2_fields_missing
f6c866fe-4f7e-4357-af86-36e4a364966b,죽순콩나물밥,밥,mapped,rice,13,legacy_strings,0,13,6,0,false,needs_structural_normalization,missing_or_invalid_difficulty|missing_servings|missing_total_time|source_ledger_missing|beginner_review_missing|legacy_ingredient_strings_need_editor_parse|step_v2_fields_missing
4176a850-a937-4d13-82d1-ca18c34a90b1,키조개샤브샤브,국&찌개,unresolved,,12,legacy_strings,0,12,6,0,false,needs_structural_normalization,category_unresolved|missing_or_invalid_difficulty|missing_servings|missing_total_time|source_ledger_missing|beginner_review_missing|legacy_ingredient_strings_need_editor_parse|step_v2_fields_missing
103ace74-d9c7-4ae4-954d-35b52b9eb0b7,가자미쑥국,국&찌개,unresolved,,7,legacy_strings,0,7,6,0,false,needs_structural_normalization,category_unresolved|missing_or_invalid_difficulty|missing_servings|missing_total_time|source_ledger_missing|beginner_review_missing|legacy_ingredient_strings_need_editor_parse|step_v2_fields_missing
382d1a3b-1f04-49bb-8de0-407c0017d695,달래바싹불고기,반찬,mapped,side,7,legacy_strings,0,7,6,0,false,needs_structural_normalization,missing_or_invalid_difficulty|missing_servings|missing_total_time|source_ledger_missing|beginner_review_missing|legacy_ingredient_strings_need_editor_parse|step_v2_fields_missing
5bbd9b45-61b0-48e4-941e-67bd6c9ff641,오리고기곰피쌈,반찬,mapped,side,8,legacy_strings,0,8,6,0,false,needs_structural_normalization,missing_or_invalid_difficulty|missing_servings|missing_total_time|source_ledger_missing|beginner_review_missing|legacy_ingredient_strings_need_editor_parse|step_v2_fields_missing
effb3237-64b7-4c61-8a48-ca99f66f328c,바지락수제비볶음,반찬,mapped,side,13,legacy_strings,0,13,6,0,false,needs_structural_normalization,missing_or_invalid_difficulty|missing_servings|missing_total_time|source_ledger_missing|beginner_review_missing|legacy_ingredient_strings_need_editor_parse|step_v2_fields_missing
b801d19b-9fcf-48df-bdbf-dc8ecf16a522,취나물들깨무침,반찬,mapped,side,7,legacy_strings,0,7,6,0,false,needs_structural_normalization,missing_or_invalid_difficulty|missing_servings|missing_total_time|source_ledger_missing|beginner_review_missing|legacy_ingredient_strings_need_editor_parse|step_v2_fields_missing
6e641dd1-61e2-4a0d-91b4-44fee761b9cc,토마토소박이,반찬,mapped,side,7,legacy_strings,0,7,6,0,false,needs_structural_normalization,missing_or_invalid_difficulty|missing_servings|missing_total_time|source_ledger_missing|beginner_review_missing|legacy_ingredient_strings_need_editor_parse|step_v2_fields_missing
b0e2b167-e5e9-4855-a0ef-3d8ca42091c4,풋마늘오징어김치,반찬,mapped,side,11,legacy_strings,0,11,6,0,false,needs_structural_normalization,missing_or_invalid_difficulty|missing_servings|missing_total_time|source_ledger_missing|beginner_review_missing|legacy_ingredient_strings_need_editor_parse|step_v2_fields_missing
58696222-646d-4310-b847-27efb5b5cea8,절편꽃말이떡,후식,mapped,dessert,7,legacy_strings,0,7,6,0,false,needs_structural_normalization,missing_or_invalid_difficulty|missing_servings|missing_total_time|source_ledger_missing|beginner_review_missing|legacy_ingredient_strings_need_editor_parse|step_v2_fields_missing
9ba68f5b-1d7f-46b4-9e6c-48622e2fa705,가지볶음,반찬,mapped,side,6,legacy_strings,0,6,6,0,false,needs_structural_normalization,missing_or_invalid_difficulty|missing_servings|missing_total_time|source_ledger_missing|beginner_review_missing|legacy_ingredient_strings_need_editor_parse|step_v2_fields_missing
43e2386d-66d2-42ed-9c22-23541d9c26b7,고등어 강정,반찬,mapped,side,12,legacy_strings,0,12,6,0,false,needs_structural_normalization,missing_or_invalid_difficulty|missing_servings|missing_total_time|source_ledger_missing|beginner_review_missing|legacy_ingredient_strings_need_editor_parse|step_v2_fields_missing
0d2060dc-f3b2-47f2-8663-d0ab40c30a7e,꽃게볶음,반찬,mapped,side,12,legacy_strings,0,12,6,0,false,needs_structural_normalization,missing_or_invalid_difficulty|missing_servings|missing_total_time|source_ledger_missing|beginner_review_missing|legacy_ingredient_strings_need_editor_parse|step_v2_fields_missing
538c8839-20a3-4f39-bf5e-942d0b2af910,다시마칩,후식,mapped,dessert,4,legacy_strings,0,4,6,0,false,needs_structural_normalization,missing_or_invalid_difficulty|missing_servings|missing_total_time|source_ledger_missing|beginner_review_missing|legacy_ingredient_strings_need_editor_parse|step_v2_fields_missing
ab8a1d49-a5a7-4311-a978-307a2f2fa125,브로콜리 쇠고기 볶음,반찬,mapped,side,10,legacy_strings,0,10,6,0,false,needs_structural_normalization,missing_or_invalid_difficulty|missing_servings|missing_total_time|source_ledger_missing|beginner_review_missing|legacy_ingredient_strings_need_editor_parse|step_v2_fields_missing
d9f93a9f-1903-4a1f-9d7a-82a04fe2702b,롤 삼계탕,국&찌개,unresolved,,13,legacy_strings,0,13,6,0,false,needs_structural_normalization,category_unresolved|missing_or_invalid_difficulty|missing_servings|missing_total_time|source_ledger_missing|beginner_review_missing|legacy_ingredient_strings_need_editor_parse|step_v2_fields_missing
49023a27-b04b-4bac-9ad4-e215bcd14348,새우살을 채운 두부 스프(미네스트로네),일품,mapped,other,14,legacy_strings,0,14,6,0,false,needs_structural_normalization,missing_or_invalid_difficulty|missing_servings|missing_total_time|source_ledger_missing|beginner_review_missing|legacy_ingredient_strings_need_editor_parse|step_v2_fields_missing
aa94e301-b388-4c36-b3eb-40dc717679de,시저 샐러드,반찬,mapped,side,17,legacy_strings,0,17,6,0,false,needs_structural_normalization,missing_or_invalid_difficulty|missing_servings|missing_total_time|source_ledger_missing|beginner_review_missing|legacy_ingredient_strings_need_editor_parse|step_v2_fields_missing
27999394-356c-405c-8f79-adc64f1fc5fe,연두부 무순 냉국,국&찌개,unresolved,,12,legacy_strings,0,12,6,0,false,needs_structural_normalization,category_unresolved|missing_or_invalid_difficulty|missing_servings|missing_total_time|source_ledger_missing|beginner_review_missing|legacy_ingredient_strings_need_editor_parse|step_v2_fields_missing
3283c001-ed17-4a04-93eb-0d3825b01334,차가운 당근 수프,일품,mapped,other,10,legacy_strings,0,10,6,0,false,needs_structural_normalization,missing_or_invalid_difficulty|missing_servings|missing_total_time|source_ledger_missing|beginner_review_missing|legacy_ingredient_strings_need_editor_parse|step_v2_fields_missing
b95eed14-4d65-4a4c-9e9a-b39ba1267fac,태국식 불고기 샐러드,반찬,mapped,side,15,legacy_strings,0,15,5,0,false,needs_structural_normalization,missing_or_invalid_difficulty|missing_servings|missing_total_time|source_ledger_missing|beginner_review_missing|legacy_ingredient_strings_need_editor_parse|step_v2_fields_missing
a8baf248-50b6-4123-b213-bbfd0ed1ee06,팽이버섯 야채볶음,반찬,mapped,side,6,legacy_strings,0,6,6,0,false,needs_structural_normalization,missing_or_invalid_difficulty|missing_servings|missing_total_time|source_ledger_missing|beginner_review_missing|legacy_ingredient_strings_need_editor_parse|step_v2_fields_missing
a76b9784-57e6-4c7e-a4f9-4b1b5056c8ee,딸기연두부쉐이크,후식,mapped,dessert,4,legacy_strings,0,4,6,0,false,needs_structural_normalization,missing_or_invalid_difficulty|missing_servings|missing_total_time|source_ledger_missing|beginner_review_missing|legacy_ingredient_strings_need_editor_parse|step_v2_fields_missing
fa36cd53-1180-4332-8e94-63c29382b398,봄주먹밥,밥,mapped,rice,16,legacy_strings,0,16,6,0,false,needs_structural_normalization,missing_or_invalid_difficulty|missing_servings|missing_total_time|source_ledger_missing|beginner_review_missing|legacy_ingredient_strings_need_editor_parse|step_v2_fields_missing
c584e177-02ca-4d2f-8c86-35b4db7f1781,깻잎장아찌롤,밥,mapped,rice,13,legacy_strings,0,13,6,0,false,needs_structural_normalization,missing_or_invalid_difficulty|missing_servings|missing_total_time|source_ledger_missing|beginner_review_missing|legacy_ingredient_strings_need_editor_parse|step_v2_fields_missing
1b4bf53a-e21b-4646-9054-715eb9295843,효종갱(曉鍾羹),국&찌개,unresolved,,7,legacy_strings,0,7,6,0,false,needs_structural_normalization,category_unresolved|missing_or_invalid_difficulty|missing_servings|missing_total_time|source_ledger_missing|beginner_review_missing|legacy_ingredient_strings_need_editor_parse|step_v2_fields_missing
92fe6118-776f-4b63-b55d-e6e3d8dc6ce6,갯벌의 여왕 모시조개의 달콤한 유혹,반찬,mapped,side,12,legacy_strings,0,12,6,0,false,needs_structural_normalization,missing_or_invalid_difficulty|missing_servings|missing_total_time|source_ledger_missing|beginner_review_missing|legacy_ingredient_strings_need_editor_parse|step_v2_fields_missing
a9e4597f-17fd-4f1c-b5fd-714dfcc02cd3,감자냉채,반찬,mapped,side,12,legacy_strings,0,12,6,0,false,needs_structural_normalization,missing_or_invalid_difficulty|missing_servings|missing_total_time|source_ledger_missing|beginner_review_missing|legacy_ingredient_strings_need_editor_parse|step_v2_fields_missing
96ad1839-3ab9-40fc-8e73-d34ed55740e8,고구마 타락죽,밥,mapped,rice,8,legacy_strings,0,8,6,0,false,needs_structural_normalization,missing_or_invalid_difficulty|missing_servings|missing_total_time|source_ledger_missing|beginner_review_missing|legacy_ingredient_strings_need_editor_parse|step_v2_fields_missing
a0af8278-a1b4-47b9-8e59-f52d254dda2c,먹골배 카레주먹밥,밥,mapped,rice,8,legacy_strings,0,8,6,0,false,needs_structural_normalization,missing_or_invalid_difficulty|missing_servings|missing_total_time|source_ledger_missing|beginner_review_missing|legacy_ingredient_strings_need_editor_parse|step_v2_fields_missing
eb925951-1eb7-46f4-bdfd-014ec1c1c7ff,두부 채소 볶음밥,밥,mapped,rice,15,legacy_strings,0,15,6,0,false,needs_structural_normalization,missing_or_invalid_difficulty|missing_servings|missing_total_time|source_ledger_missing|beginner_review_missing|legacy_ingredient_strings_need_editor_parse|step_v2_fields_missing
41276c79-2fd9-4db3-9acb-01820b03e202,건강 마늘 꿀환,후식,mapped,dessert,5,legacy_strings,0,5,6,0,false,needs_structural_normalization,missing_or_invalid_difficulty|missing_servings|missing_total_time|source_ledger_missing|beginner_review_missing|legacy_ingredient_strings_need_editor_parse|step_v2_fields_missing
3fb7ec17-a5ac-4218-be99-5ebd9df15b77,과일 샐러드 또띠아,후식,mapped,dessert,7,legacy_strings,0,7,6,0,false,needs_structural_normalization,missing_or_invalid_difficulty|missing_servings|missing_total_time|source_ledger_missing|beginner_review_missing|legacy_ingredient_strings_need_editor_parse|step_v2_fields_missing
9b13cb7f-c8b2-4926-8a84-4df3669e4c5e,수박 화채,후식,mapped,dessert,5,legacy_strings,0,5,6,0,false,needs_structural_normalization,missing_or_invalid_difficulty|missing_servings|missing_total_time|source_ledger_missing|beginner_review_missing|legacy_ingredient_strings_need_editor_parse|step_v2_fields_missing
61dfa259-9ef0-4545-8b91-22ff4c6725af,레몬 들깨 소스를 품은 떡꼬치,후식,mapped,dessert,12,legacy_strings,0,12,6,0,false,needs_structural_normalization,missing_or_invalid_difficulty|missing_servings|missing_total_time|source_ledger_missing|beginner_review_missing|legacy_ingredient_strings_need_editor_parse|step_v2_fields_missing
9f3783cf-4c56-43d2-bf5b-522d18b046ef,누룽지 요거트 파르페,후식,mapped,dessert,6,legacy_strings,0,6,6,0,false,needs_structural_normalization,missing_or_invalid_difficulty|missing_servings|missing_total_time|source_ledger_missing|beginner_review_missing|legacy_ingredient_strings_need_editor_parse|step_v2_fields_missing
4e9389d3-6340-4019-959d-d9e0f7a3dd5c,자색고구마 호떡,후식,mapped,dessert,10,legacy_strings,0,10,6,0,false,needs_structural_normalization,missing_or_invalid_difficulty|missing_servings|missing_total_time|source_ledger_missing|beginner_review_missing|legacy_ingredient_strings_need_editor_parse|step_v2_fields_missing
3aaf4a6f-12ff-4b35-8717-274ae5934fbc,청국장지짐 케일쌈밥,밥,mapped,rice,8,legacy_strings,0,8,6,0,false,needs_structural_normalization,missing_or_invalid_difficulty|missing_servings|missing_total_time|source_ledger_missing|beginner_review_missing|legacy_ingredient_strings_need_editor_parse|step_v2_fields_missing
8aaccf12-2439-4a35-9e3c-4216f41118d5,현미 고구마 아란치니,일품,mapped,other,12,legacy_strings,0,12,6,0,false,needs_structural_normalization,missing_or_invalid_difficulty|missing_servings|missing_total_time|source_ledger_missing|beginner_review_missing|legacy_ingredient_strings_need_editor_parse|step_v2_fields_missing
48879981-ccc1-4472-a579-5c194dd70cb0,대추닭살리조또,밥,mapped,rice,13,legacy_strings,0,13,6,0,false,needs_structural_normalization,missing_or_invalid_difficulty|missing_servings|missing_total_time|source_ledger_missing|beginner_review_missing|legacy_ingredient_strings_need_editor_parse|step_v2_fields_missing
ce17bb38-969a-40d0-bff0-ddc58d57ddb7,마늘 불고기 덮밥,밥,mapped,rice,11,legacy_strings,0,11,6,0,false,needs_structural_normalization,missing_or_invalid_difficulty|missing_servings|missing_total_time|source_ledger_missing|beginner_review_missing|legacy_ingredient_strings_need_editor_parse|step_v2_fields_missing
929eccc5-8794-4062-8694-3ba4abd9f0a2,잡곡강정밥,밥,mapped,rice,9,legacy_strings,0,9,6,0,false,needs_structural_normalization,missing_or_invalid_difficulty|missing_servings|missing_total_time|source_ledger_missing|beginner_review_missing|legacy_ingredient_strings_need_editor_parse|step_v2_fields_missing
2bc5fa69-01c8-4207-a10c-5834549136a7,함박스테이크 볼 밥,밥,mapped,rice,15,legacy_strings,0,15,6,0,false,needs_structural_normalization,missing_or_invalid_difficulty|missing_servings|missing_total_time|source_ledger_missing|beginner_review_missing|legacy_ingredient_strings_need_editor_parse|step_v2_fields_missing
b7254ad6-aaa7-446d-849f-62da190f9b03,곤드레 밥버거,밥,mapped,rice,24,legacy_strings,0,24,6,0,false,needs_structural_normalization,missing_or_invalid_difficulty|missing_servings|missing_total_time|source_ledger_missing|beginner_review_missing|legacy_ingredient_strings_need_editor_parse|step_v2_fields_missing
b911f0e1-7420-4d57-a7d4-843f70cbc00d,신호등 통통이(어린이 곤약삼색주먹밥),밥,mapped,rice,13,legacy_strings,0,13,6,0,false,needs_structural_normalization,missing_or_invalid_difficulty|missing_servings|missing_total_time|source_ledger_missing|beginner_review_missing|legacy_ingredient_strings_need_editor_parse|step_v2_fields_missing
ee25b37d-420e-4519-a6a3-3af37ffd5c8d,양배추롤&참치두부쌈장,일품,mapped,other,14,legacy_strings,0,14,6,0,false,needs_structural_normalization,missing_or_invalid_difficulty|missing_servings|missing_total_time|source_ledger_missing|beginner_review_missing|legacy_ingredient_strings_need_editor_parse|step_v2_fields_missing
3eef187c-2396-4409-97fb-ad090ec587d5,유자 치킨 꿔바로우,반찬,mapped,side,13,legacy_strings,0,13,6,0,false,needs_structural_normalization,missing_or_invalid_difficulty|missing_servings|missing_total_time|source_ledger_missing|beginner_review_missing|legacy_ingredient_strings_need_editor_parse|step_v2_fields_missing
664568ce-ec0c-4594-93d6-d64e1efc63df,라비올리 크림소스,반찬,mapped,side,13,legacy_strings,0,13,6,0,false,needs_structural_normalization,missing_or_invalid_difficulty|missing_servings|missing_total_time|source_ledger_missing|beginner_review_missing|legacy_ingredient_strings_need_editor_parse|step_v2_fields_missing
9efc62d0-1480-410c-a450-066b3f8cd3c1,라비올리 토마토소스,반찬,mapped,side,16,legacy_strings,0,16,6,0,false,needs_structural_normalization,missing_or_invalid_difficulty|missing_servings|missing_total_time|source_ledger_missing|beginner_review_missing|legacy_ingredient_strings_need_editor_parse|step_v2_fields_missing
856c3dc8-bdae-4de2-924b-bcd9047eea43,미역 조랭이 떡국,국&찌개,unresolved,,8,legacy_strings,0,8,6,0,false,needs_structural_normalization,category_unresolved|missing_or_invalid_difficulty|missing_servings|missing_total_time|source_ledger_missing|beginner_review_missing|legacy_ingredient_strings_need_editor_parse|step_v2_fields_missing
20184b6f-de3c-4631-81bc-86fd2c3e1605,버섯 리조또,밥,mapped,rice,11,legacy_strings,0,11,6,0,false,needs_structural_normalization,missing_or_invalid_difficulty|missing_servings|missing_total_time|source_ledger_missing|beginner_review_missing|legacy_ingredient_strings_need_editor_parse|step_v2_fields_missing
526db226-360d-4473-8d4a-4e27395aefb7,서리태 잣국수,일품,mapped,other,8,legacy_strings,0,8,6,0,false,needs_structural_normalization,missing_or_invalid_difficulty|missing_servings|missing_total_time|source_ledger_missing|beginner_review_missing|legacy_ingredient_strings_need_editor_parse|step_v2_fields_missing
6fe6394f-5f67-4869-b92c-108d67e11001,쌈밥,밥,mapped,rice,19,legacy_strings,0,19,6,0,false,needs_structural_normalization,missing_or_invalid_difficulty|missing_servings|missing_total_time|source_ledger_missing|beginner_review_missing|legacy_ingredient_strings_need_editor_parse|step_v2_fields_missing
e88a4d56-13c1-427c-ab83-9c6eeaa149a6,영양밥,밥,mapped,rice,14,legacy_strings,0,14,6,0,false,needs_structural_normalization,missing_or_invalid_difficulty|missing_servings|missing_total_time|source_ledger_missing|beginner_review_missing|legacy_ingredient_strings_need_editor_parse|step_v2_fields_missing
f8d6dfaf-d4fc-4a1f-a9ba-01d850609001,팥죽,밥,mapped,rice,5,legacy_strings,0,5,6,0,false,needs_structural_normalization,missing_or_invalid_difficulty|missing_servings|missing_total_time|source_ledger_missing|beginner_review_missing|legacy_ingredient_strings_need_editor_parse|step_v2_fields_missing
31b9d7c3-ba78-45a6-9c46-4938c5ee13c4,호박만두,반찬,mapped,side,13,legacy_strings,0,13,6,0,false,needs_structural_normalization,missing_or_invalid_difficulty|missing_servings|missing_total_time|source_ledger_missing|beginner_review_missing|legacy_ingredient_strings_need_editor_parse|step_v2_fields_missing
5aef9f4b-c54c-4fbf-a706-5d669d75e228,감자 팬케익,반찬,mapped,side,16,legacy_strings,0,16,6,0,false,needs_structural_normalization,missing_or_invalid_difficulty|missing_servings|missing_total_time|source_ledger_missing|beginner_review_missing|legacy_ingredient_strings_need_editor_parse|step_v2_fields_missing
42ac5fa5-f1f9-4ccc-adf3-7afc7445caaa,단호박 두부 포타주,일품,mapped,other,6,legacy_strings,0,6,6,0,false,needs_structural_normalization,missing_or_invalid_difficulty|missing_servings|missing_total_time|source_ledger_missing|beginner_review_missing|legacy_ingredient_strings_need_editor_parse|step_v2_fields_missing
ddf4c5f8-acee-4fb9-940d-c46b6ffa6098,쇠고기와 검은콩 요리,반찬,mapped,side,15,legacy_strings,0,15,6,0,false,needs_structural_normalization,missing_or_invalid_difficulty|missing_servings|missing_total_time|source_ledger_missing|beginner_review_missing|legacy_ingredient_strings_need_editor_parse|step_v2_fields_missing
047637ae-1d43-469b-b73f-fabf65c6f0df,채소 커리를 곁들인 팬케익,반찬,mapped,side,0,missing,0,0,6,0,false,needs_structural_normalization,missing_or_invalid_difficulty|missing_servings|missing_total_time|source_ledger_missing|beginner_review_missing|ingredients_missing|step_v2_fields_missing
692d9a50-8030-4014-8d0a-bb3a0ace50d9,양송이버섯 달걀 크레페,반찬,mapped,side,14,legacy_strings,0,14,6,0,false,needs_structural_normalization,missing_or_invalid_difficulty|missing_servings|missing_total_time|source_ledger_missing|beginner_review_missing|legacy_ingredient_strings_need_editor_parse|step_v2_fields_missing
3ee599d9-bd15-450d-97e4-2e4596e27fdb,파인애플떡갈비,반찬,mapped,side,12,legacy_strings,0,12,6,0,false,needs_structural_normalization,missing_or_invalid_difficulty|missing_servings|missing_total_time|source_ledger_missing|beginner_review_missing|legacy_ingredient_strings_need_editor_parse|step_v2_fields_missing
7abeff0a-f20e-416d-8b7e-8a1d2df2cb6b,건강가지말이+참깨마요소스,반찬,mapped,side,11,legacy_strings,0,11,6,0,false,needs_structural_normalization,missing_or_invalid_difficulty|missing_servings|missing_total_time|source_ledger_missing|beginner_review_missing|legacy_ingredient_strings_need_editor_parse|step_v2_fields_missing
c314ba7a-a811-4bd6-ade2-e2333204605a,자두 라떼,후식,mapped,dessert,4,legacy_strings,0,4,6,0,false,needs_structural_normalization,missing_or_invalid_difficulty|missing_servings|missing_total_time|source_ledger_missing|beginner_review_missing|legacy_ingredient_strings_need_editor_parse|step_v2_fields_missing
c6c24c38-c1fd-44e9-a19d-2e523f7cf91c,펌킨크로켓,반찬,mapped,side,10,legacy_strings,0,10,6,0,false,needs_structural_normalization,missing_or_invalid_difficulty|missing_servings|missing_total_time|source_ledger_missing|beginner_review_missing|legacy_ingredient_strings_need_editor_parse|step_v2_fields_missing
f6b45ca8-a7e2-4819-bee3-b86a6a0170d2,순창 고추장 두부강정,반찬,mapped,side,17,legacy_strings,0,17,6,0,false,needs_structural_normalization,missing_or_invalid_difficulty|missing_servings|missing_total_time|source_ledger_missing|beginner_review_missing|legacy_ingredient_strings_need_editor_parse|step_v2_fields_missing
19201c61-9e0d-4449-a307-15f5e152e8a2,곤약 백김치 말이,반찬,mapped,side,8,legacy_strings,0,8,6,0,false,needs_structural_normalization,missing_or_invalid_difficulty|missing_servings|missing_total_time|source_ledger_missing|beginner_review_missing|legacy_ingredient_strings_need_editor_parse|step_v2_fields_missing
44c79c6a-457e-4d29-8e4e-79dedc2d04a8,묵은지비프롤,반찬,mapped,side,14,legacy_strings,0,14,6,0,false,needs_structural_normalization,missing_or_invalid_difficulty|missing_servings|missing_total_time|source_ledger_missing|beginner_review_missing|legacy_ingredient_strings_need_editor_parse|step_v2_fields_missing
66f8e40d-a3e6-4337-9645-f3e31aa79c2f,바나나를 감싼 일본식 달걀말이,반찬,mapped,side,4,legacy_strings,0,4,6,0,false,needs_structural_normalization,missing_or_invalid_difficulty|missing_servings|missing_total_time|source_ledger_missing|beginner_review_missing|legacy_ingredient_strings_need_editor_parse|step_v2_fields_missing
24c4644c-da73-4ce5-8e94-4b7b626a9060,그린커리,반찬,mapped,side,10,legacy_strings,0,10,6,0,false,needs_structural_normalization,missing_or_invalid_difficulty|missing_servings|missing_total_time|source_ledger_missing|beginner_review_missing|legacy_ingredient_strings_need_editor_parse|step_v2_fields_missing
b5d75ffe-b053-48b7-aad4-9996cc2605e9,이태리튀밥,밥,mapped,rice,11,legacy_strings,0,11,6,0,false,needs_structural_normalization,missing_or_invalid_difficulty|missing_servings|missing_total_time|source_ledger_missing|beginner_review_missing|legacy_ingredient_strings_need_editor_parse|step_v2_fields_missing
4185b06c-f04b-4193-9aff-23f819992e09,현미 입은 미트볼,반찬,mapped,side,15,legacy_strings,0,15,6,0,false,needs_structural_normalization,missing_or_invalid_difficulty|missing_servings|missing_total_time|source_ledger_missing|beginner_review_missing|legacy_ingredient_strings_need_editor_parse|step_v2_fields_missing
bbab522a-09aa-4647-912b-79d15512f452,시금치 볶음 쌀국수,일품,mapped,other,15,legacy_strings,0,15,6,0,false,needs_structural_normalization,missing_or_invalid_difficulty|missing_servings|missing_total_time|source_ledger_missing|beginner_review_missing|legacy_ingredient_strings_need_editor_parse|step_v2_fields_missing
820ea99f-551e-4a96-8ac4-470439fdd496,새우채소꼬치구이,반찬,mapped,side,6,legacy_strings,0,6,6,0,false,needs_structural_normalization,missing_or_invalid_difficulty|missing_servings|missing_total_time|source_ledger_missing|beginner_review_missing|legacy_ingredient_strings_need_editor_parse|step_v2_fields_missing
35bca2ce-d762-42d3-afbd-58d4c80d1c4c,콩 판나코타,후식,mapped,dessert,6,legacy_strings,0,6,6,0,false,needs_structural_normalization,missing_or_invalid_difficulty|missing_servings|missing_total_time|source_ledger_missing|beginner_review_missing|legacy_ingredient_strings_need_editor_parse|step_v2_fields_missing
a6bbf74d-7013-456e-a922-aa2e631f5c84,얌얌 맛있게타,일품,mapped,other,10,legacy_strings,0,10,6,0,false,needs_structural_normalization,missing_or_invalid_difficulty|missing_servings|missing_total_time|source_ledger_missing|beginner_review_missing|legacy_ingredient_strings_need_editor_parse|step_v2_fields_missing
0eebb0b2-902a-4dfe-b1cd-08fb1f31f751,오! 푸룻한 뿌리채소,반찬,mapped,side,11,legacy_strings,0,11,6,0,false,needs_structural_normalization,missing_or_invalid_difficulty|missing_servings|missing_total_time|source_ledger_missing|beginner_review_missing|legacy_ingredient_strings_need_editor_parse|step_v2_fields_missing
c6cce4a7-9c80-4acb-944c-1723fc560a80,채소 팬케익,반찬,mapped,side,12,legacy_strings,0,12,6,0,false,needs_structural_normalization,missing_or_invalid_difficulty|missing_servings|missing_total_time|source_ledger_missing|beginner_review_missing|legacy_ingredient_strings_need_editor_parse|step_v2_fields_missing
ada25cec-9574-4f3b-a02c-45902304e9ab,누룽지과자,후식,mapped,dessert,8,legacy_strings,0,8,6,0,false,needs_structural_normalization,missing_or_invalid_difficulty|missing_servings|missing_total_time|source_ledger_missing|beginner_review_missing|legacy_ingredient_strings_need_editor_parse|step_v2_fields_missing
1b9152f4-beb5-4861-a92f-9201b2a65e56,오징어와사비마요무침,반찬,mapped,side,6,legacy_strings,0,6,6,0,false,needs_structural_normalization,missing_or_invalid_difficulty|missing_servings|missing_total_time|source_ledger_missing|beginner_review_missing|legacy_ingredient_strings_need_editor_parse|step_v2_fields_missing
d40b63f0-8f80-45f9-a950-ee2592bdf858,단호박 경단,후식,mapped,dessert,8,legacy_strings,0,8,6,0,false,needs_structural_normalization,missing_or_invalid_difficulty|missing_servings|missing_total_time|source_ledger_missing|beginner_review_missing|legacy_ingredient_strings_need_editor_parse|step_v2_fields_missing
f94919e9-7c76-4ff2-a1e4-42cc36791544,모듬탕수,반찬,mapped,side,10,legacy_strings,0,10,6,0,false,needs_structural_normalization,missing_or_invalid_difficulty|missing_servings|missing_total_time|source_ledger_missing|beginner_review_missing|legacy_ingredient_strings_need_editor_parse|step_v2_fields_missing
58fceaf8-5f3c-4945-a635-5e24213be55a,새싹 비빔밥,밥,mapped,rice,14,legacy_strings,0,14,6,0,false,needs_structural_normalization,missing_or_invalid_difficulty|missing_servings|missing_total_time|source_ledger_missing|beginner_review_missing|legacy_ingredient_strings_need_editor_parse|step_v2_fields_missing
def699b0-8f3a-4a49-bbed-8a78f826b340,가지볶음,반찬,mapped,side,6,legacy_strings,0,6,6,0,false,needs_structural_normalization,missing_or_invalid_difficulty|missing_servings|missing_total_time|source_ledger_missing|beginner_review_missing|legacy_ingredient_strings_need_editor_parse|step_v2_fields_missing
8f6357b2-2d34-473e-834d-3db2e3d46f69,단호박크림을 곁들인 브로콜리 베이글,기타,mapped,other,8,legacy_strings,0,8,6,0,false,needs_structural_normalization,missing_or_invalid_difficulty|missing_servings|missing_total_time|source_ledger_missing|beginner_review_missing|legacy_ingredient_strings_need_editor_parse|step_v2_fields_missing
d715e68c-bcd8-4a35-812e-ff30a168c0ad,고추잡채,반찬,mapped,side,11,legacy_strings,0,11,6,0,false,needs_structural_normalization,missing_or_invalid_difficulty|missing_servings|missing_total_time|source_ledger_missing|beginner_review_missing|legacy_ingredient_strings_need_editor_parse|step_v2_fields_missing
23e030f4-3f78-4ceb-8bc9-588d0fde3270,나박김치,반찬,mapped,side,12,legacy_strings,0,12,6,0,false,needs_structural_normalization,missing_or_invalid_difficulty|missing_servings|missing_total_time|source_ledger_missing|beginner_review_missing|legacy_ingredient_strings_need_editor_parse|step_v2_fields_missing
c7fe68fe-93c6-4799-a8ad-7fa612b3af45,냉잡채,반찬,mapped,side,18,legacy_strings,0,18,6,0,false,needs_structural_normalization,missing_or_invalid_difficulty|missing_servings|missing_total_time|source_ledger_missing|beginner_review_missing|legacy_ingredient_strings_need_editor_parse|step_v2_fields_missing
97f1f306-6ff0-47b0-87d5-1d3e46375386,단호박 두부찜,반찬,mapped,side,10,legacy_strings,0,10,6,0,false,needs_structural_normalization,missing_or_invalid_difficulty|missing_servings|missing_total_time|source_ledger_missing|beginner_review_missing|legacy_ingredient_strings_need_editor_parse|step_v2_fields_missing
61baa700-4342-4d67-ba58-9d1e5563523c,비트 배추피클,반찬,mapped,side,10,legacy_strings,0,10,6,0,false,needs_structural_normalization,missing_or_invalid_difficulty|missing_servings|missing_total_time|source_ledger_missing|beginner_review_missing|legacy_ingredient_strings_need_editor_parse|step_v2_fields_missing
e32f09b8-7926-4abd-9b56-5d7295b99609,단호박전,반찬,mapped,side,5,legacy_strings,0,5,6,0,false,needs_structural_normalization,missing_or_invalid_difficulty|missing_servings|missing_total_time|source_ledger_missing|beginner_review_missing|legacy_ingredient_strings_need_editor_parse|step_v2_fields_missing
efd23d62-c3fe-438c-bf17-02369b5306f3,도라지 검은깨 튀김,후식,mapped,dessert,9,legacy_strings,0,9,6,0,false,needs_structural_normalization,missing_or_invalid_difficulty|missing_servings|missing_total_time|source_ledger_missing|beginner_review_missing|legacy_ingredient_strings_need_editor_parse|step_v2_fields_missing
9eb8de8a-d290-47be-ac93-b26b9bf8f889,발사믹으로 양념한 채소요리,반찬,mapped,side,11,legacy_strings,0,11,6,0,false,needs_structural_normalization,missing_or_invalid_difficulty|missing_servings|missing_total_time|source_ledger_missing|beginner_review_missing|legacy_ingredient_strings_need_editor_parse|step_v2_fields_missing
45b5fa0d-61e6-4381-9df0-76393a057d4d,버섯 굴소스 볶음,반찬,mapped,side,11,legacy_strings,0,11,6,0,false,needs_structural_normalization,missing_or_invalid_difficulty|missing_servings|missing_total_time|source_ledger_missing|beginner_review_missing|legacy_ingredient_strings_need_editor_parse|step_v2_fields_missing
e5fd3aed-eb94-46bd-b423-21071c8a9a7f,비트와 호두 요리,후식,mapped,dessert,11,legacy_strings,0,11,6,0,false,needs_structural_normalization,missing_or_invalid_difficulty|missing_servings|missing_total_time|source_ledger_missing|beginner_review_missing|legacy_ingredient_strings_need_editor_parse|step_v2_fields_missing
453fed8f-1e9c-454f-9674-8de113292c2b,상추 겉절이,반찬,mapped,side,10,legacy_strings,0,10,6,0,false,needs_structural_normalization,missing_or_invalid_difficulty|missing_servings|missing_total_time|source_ledger_missing|beginner_review_missing|legacy_ingredient_strings_need_editor_parse|step_v2_fields_missing
f0092fa3-c219-441d-a20c-6a9c98887eb5,연근고구마샌드위치,일품,mapped,other,9,legacy_strings,0,9,6,0,false,needs_structural_normalization,missing_or_invalid_difficulty|missing_servings|missing_total_time|source_ledger_missing|beginner_review_missing|legacy_ingredient_strings_need_editor_parse|step_v2_fields_missing
2a212bd0-56d2-47c2-8194-644308b0ab2e,파프리카깍두기(어린이용),반찬,mapped,side,10,legacy_strings,0,10,6,0,false,needs_structural_normalization,missing_or_invalid_difficulty|missing_servings|missing_total_time|source_ledger_missing|beginner_review_missing|legacy_ingredient_strings_need_editor_parse|step_v2_fields_missing
1dca8341-5741-4029-aa72-c47373288433,과일 김치,반찬,mapped,side,10,legacy_strings,0,10,6,0,false,needs_structural_normalization,missing_or_invalid_difficulty|missing_servings|missing_total_time|source_ledger_missing|beginner_review_missing|legacy_ingredient_strings_need_editor_parse|step_v2_fields_missing
3c9cf539-fbbb-400b-96b9-2bf500d6fa35,오이 짱아지 무침,반찬,mapped,side,8,legacy_strings,0,8,6,0,false,needs_structural_normalization,missing_or_invalid_difficulty|missing_servings|missing_total_time|source_ledger_missing|beginner_review_missing|legacy_ingredient_strings_need_editor_parse|step_v2_fields_missing
27e17b14-7fb6-40e2-af84-a85e20b234fa,삼색 버터롤,후식,mapped,dessert,16,legacy_strings,0,16,6,0,false,needs_structural_normalization,missing_or_invalid_difficulty|missing_servings|missing_total_time|source_ledger_missing|beginner_review_missing|legacy_ingredient_strings_need_editor_parse|step_v2_fields_missing
d284bbd6-22e8-4f22-b0c3-5d2a37153b45,고구마빵&과일잼,후식,mapped,dessert,11,legacy_strings,0,11,6,0,false,needs_structural_normalization,missing_or_invalid_difficulty|missing_servings|missing_total_time|source_ledger_missing|beginner_review_missing|legacy_ingredient_strings_need_editor_parse|step_v2_fields_missing
06eb6f1b-2fbf-4683-aeb1-4e03bca458b4,감말랭이 찰빵,후식,mapped,dessert,9,legacy_strings,0,9,6,0,false,needs_structural_normalization,missing_or_invalid_difficulty|missing_servings|missing_total_time|source_ledger_missing|beginner_review_missing|legacy_ingredient_strings_need_editor_parse|step_v2_fields_missing
11e6e612-7392-49fc-97f3-dbeaa75169f2,바나나 속 달걀빵,후식,mapped,dessert,8,legacy_strings,0,8,6,0,false,needs_structural_normalization,missing_or_invalid_difficulty|missing_servings|missing_total_time|source_ledger_missing|beginner_review_missing|legacy_ingredient_strings_need_editor_parse|step_v2_fields_missing
368554c1-11ec-4d9c-88c5-787679d65ffc,두부빼빼로,후식,mapped,dessert,11,legacy_strings,0,11,6,0,false,needs_structural_normalization,missing_or_invalid_difficulty|missing_servings|missing_total_time|source_ledger_missing|beginner_review_missing|legacy_ingredient_strings_need_editor_parse|step_v2_fields_missing
51655f39-9a42-48cd-9992-3e1d70fa1f34,땅콩호박 타르트,후식,mapped,dessert,11,legacy_strings,0,11,6,0,false,needs_structural_normalization,missing_or_invalid_difficulty|missing_servings|missing_total_time|source_ledger_missing|beginner_review_missing|legacy_ingredient_strings_need_editor_parse|step_v2_fields_missing
862ecf71-d9f6-4083-ac4b-7ee3eccd6077,고구마 바나나 무스,후식,mapped,dessert,10,legacy_strings,0,10,6,0,false,needs_structural_normalization,missing_or_invalid_difficulty|missing_servings|missing_total_time|source_ledger_missing|beginner_review_missing|legacy_ingredient_strings_need_editor_parse|step_v2_fields_missing
3d12e980-7e58-4263-94b6-a67285a374dd,단호박치즈스틱,후식,mapped,dessert,9,legacy_strings,0,9,6,0,false,needs_structural_normalization,missing_or_invalid_difficulty|missing_servings|missing_total_time|source_ledger_missing|beginner_review_missing|legacy_ingredient_strings_need_editor_parse|step_v2_fields_missing
42910e17-5ff4-473c-b6f3-7e44e3f87304,크랜베리 샤브레 쿠키,후식,mapped,dessert,7,legacy_strings,0,7,6,0,false,needs_structural_normalization,missing_or_invalid_difficulty|missing_servings|missing_total_time|source_ledger_missing|beginner_review_missing|legacy_ingredient_strings_need_editor_parse|step_v2_fields_missing
6b824deb-6dae-4011-bcdc-273fe54fc778,생과일 타르트,후식,mapped,dessert,11,legacy_strings,0,11,6,0,false,needs_structural_normalization,missing_or_invalid_difficulty|missing_servings|missing_total_time|source_ledger_missing|beginner_review_missing|legacy_ingredient_strings_need_editor_parse|step_v2_fields_missing
ae324b97-a163-494f-882b-68f82e6c72d1,당 떨어진 마들렌,후식,mapped,dessert,11,legacy_strings,0,11,6,0,false,needs_structural_normalization,missing_or_invalid_difficulty|missing_servings|missing_total_time|source_ledger_missing|beginner_review_missing|legacy_ingredient_strings_need_editor_parse|step_v2_fields_missing
5affd042-7e11-4df0-83c1-48a6b1e4feba,삼색 머핀,후식,mapped,dessert,13,legacy_strings,0,13,6,0,false,needs_structural_normalization,missing_or_invalid_difficulty|missing_servings|missing_total_time|source_ledger_missing|beginner_review_missing|legacy_ingredient_strings_need_editor_parse|step_v2_fields_missing
2b34b310-5757-442f-be8d-e893bd748ab7,수삼 냉채,반찬,mapped,side,8,legacy_strings,0,8,6,0,false,needs_structural_normalization,missing_or_invalid_difficulty|missing_servings|missing_total_time|source_ledger_missing|beginner_review_missing|legacy_ingredient_strings_need_editor_parse|step_v2_fields_missing
4ff0a66a-9eb8-41ca-acd2-f7d61f065989,코마레티,후식,mapped,dessert,4,legacy_strings,0,4,6,0,false,needs_structural_normalization,missing_or_invalid_difficulty|missing_servings|missing_total_time|source_ledger_missing|beginner_review_missing|legacy_ingredient_strings_need_editor_parse|step_v2_fields_missing
96dbca35-0a7e-46ab-9905-a50926d56692,고구마 빠스,반찬,mapped,side,5,legacy_strings,0,5,6,0,false,needs_structural_normalization,missing_or_invalid_difficulty|missing_servings|missing_total_time|source_ledger_missing|beginner_review_missing|legacy_ingredient_strings_need_editor_parse|step_v2_fields_missing
9638da03-cb46-4afc-93aa-49d3aec33319,아시아식 채소 두부 볶음,반찬,mapped,side,13,legacy_strings,0,13,6,0,false,needs_structural_normalization,missing_or_invalid_difficulty|missing_servings|missing_total_time|source_ledger_missing|beginner_review_missing|legacy_ingredient_strings_need_editor_parse|step_v2_fields_missing
b0a37e84-6609-4def-8a8d-ef93466c63cd,양배추 깻잎 피클,반찬,mapped,side,7,legacy_strings,0,7,6,0,false,needs_structural_normalization,missing_or_invalid_difficulty|missing_servings|missing_total_time|source_ledger_missing|beginner_review_missing|legacy_ingredient_strings_need_editor_parse|step_v2_fields_missing
51dde7f6-438c-49e4-975d-5572404a0325,얼갈이 무침,반찬,mapped,side,9,legacy_strings,0,9,6,0,false,needs_structural_normalization,missing_or_invalid_difficulty|missing_servings|missing_total_time|source_ledger_missing|beginner_review_missing|legacy_ingredient_strings_need_editor_parse|step_v2_fields_missing
67353a99-9c0e-4d06-b090-44663deade58,오이초절임,반찬,mapped,side,10,legacy_strings,0,10,6,0,false,needs_structural_normalization,missing_or_invalid_difficulty|missing_servings|missing_total_time|source_ledger_missing|beginner_review_missing|legacy_ingredient_strings_need_editor_parse|step_v2_fields_missing
6a47de18-e82b-49fe-9541-52644cfb9ea4,검은콩 스프,일품,mapped,other,12,legacy_strings,0,12,6,0,false,needs_structural_normalization,missing_or_invalid_difficulty|missing_servings|missing_total_time|source_ledger_missing|beginner_review_missing|legacy_ingredient_strings_need_editor_parse|step_v2_fields_missing
3886e15f-f4f0-4251-a484-0ae2f4dc5061,잡채,반찬,mapped,side,20,legacy_strings,0,20,6,0,false,needs_structural_normalization,missing_or_invalid_difficulty|missing_servings|missing_total_time|source_ledger_missing|beginner_review_missing|legacy_ingredient_strings_need_editor_parse|step_v2_fields_missing
7f54d8fa-802a-4dcd-8b90-61d20f85dde0,참기름 드레싱의 즉석 샐러드,반찬,mapped,side,15,legacy_strings,0,15,6,0,false,needs_structural_normalization,missing_or_invalid_difficulty|missing_servings|missing_total_time|source_ledger_missing|beginner_review_missing|legacy_ingredient_strings_need_editor_parse|step_v2_fields_missing
a4ec60e7-5d47-4b3f-9c8c-2044a9b25134,고추 장떡,반찬,mapped,side,7,legacy_strings,0,7,6,0,false,needs_structural_normalization,missing_or_invalid_difficulty|missing_servings|missing_total_time|source_ledger_missing|beginner_review_missing|legacy_ingredient_strings_need_editor_parse|step_v2_fields_missing
6e68a031-cadd-46b6-bb3d-8194f013427d,수(Sugaer)다(Down) 고구마 케이크,후식,mapped,dessert,6,legacy_strings,0,6,6,0,false,needs_structural_normalization,missing_or_invalid_difficulty|missing_servings|missing_total_time|source_ledger_missing|beginner_review_missing|legacy_ingredient_strings_need_editor_parse|step_v2_fields_missing
643db877-5c77-4585-9cd5-2cd1bdb4c69a,호박 프리타타,반찬,mapped,side,13,legacy_strings,0,13,6,0,false,needs_structural_normalization,missing_or_invalid_difficulty|missing_servings|missing_total_time|source_ledger_missing|beginner_review_missing|legacy_ingredient_strings_need_editor_parse|step_v2_fields_missing
e9e34f0c-5692-440f-bdd8-af5ff4f3d9a9,도토리묵 콩국,국&찌개,unresolved,,9,legacy_strings,0,9,6,0,false,needs_structural_normalization,category_unresolved|missing_or_invalid_difficulty|missing_servings|missing_total_time|source_ledger_missing|beginner_review_missing|legacy_ingredient_strings_need_editor_parse|step_v2_fields_missing
fc1ecbf2-4b0b-44e4-9dca-4e06bcfd7572,두부 달걀전,반찬,mapped,side,10,legacy_strings,0,10,6,0,false,needs_structural_normalization,missing_or_invalid_difficulty|missing_servings|missing_total_time|source_ledger_missing|beginner_review_missing|legacy_ingredient_strings_need_editor_parse|step_v2_fields_missing
2be84d92-759a-40e6-8dc8-cb55688272a0,두부선과 저나트륨 겨자 간장소스,반찬,mapped,side,10,legacy_strings,0,10,6,0,false,needs_structural_normalization,missing_or_invalid_difficulty|missing_servings|missing_total_time|source_ledger_missing|beginner_review_missing|legacy_ingredient_strings_need_editor_parse|step_v2_fields_missing
6b50d8df-665b-45dc-8e36-d7bea186d285,두부 튀김 조림,반찬,mapped,side,11,legacy_strings,0,11,6,0,false,needs_structural_normalization,missing_or_invalid_difficulty|missing_servings|missing_total_time|source_ledger_missing|beginner_review_missing|legacy_ingredient_strings_need_editor_parse|step_v2_fields_missing
59c70815-b296-4c31-9964-03570d05ee0f,바나나 스틱,후식,mapped,dessert,11,legacy_strings,0,11,6,0,false,needs_structural_normalization,missing_or_invalid_difficulty|missing_servings|missing_total_time|source_ledger_missing|beginner_review_missing|legacy_ingredient_strings_need_editor_parse|step_v2_fields_missing
974dba74-fcd1-4ef5-9343-21167f285c60,달코미 고구마 타르트,후식,mapped,dessert,6,legacy_strings,0,6,6,0,false,needs_structural_normalization,missing_or_invalid_difficulty|missing_servings|missing_total_time|source_ledger_missing|beginner_review_missing|legacy_ingredient_strings_need_editor_parse|step_v2_fields_missing
2dd843a4-f3fc-4f86-82d1-2d9223382ac2,콩가루 고구마 타르트,후식,mapped,dessert,10,legacy_strings,0,10,6,0,false,needs_structural_normalization,missing_or_invalid_difficulty|missing_servings|missing_total_time|source_ledger_missing|beginner_review_missing|legacy_ingredient_strings_need_editor_parse|step_v2_fields_missing
15103092-34c7-47b3-9976-c8ab94256448,단구마 무스 샌드 케이크,후식,mapped,dessert,10,legacy_strings,0,10,6,0,false,needs_structural_normalization,missing_or_invalid_difficulty|missing_servings|missing_total_time|source_ledger_missing|beginner_review_missing|legacy_ingredient_strings_need_editor_parse|step_v2_fields_missing
900e8e66-4442-410a-b2c4-948376a3c888,당근&그릭요거트 케이크,후식,mapped,dessert,11,legacy_strings,0,11,6,0,false,needs_structural_normalization,missing_or_invalid_difficulty|missing_servings|missing_total_time|source_ledger_missing|beginner_review_missing|legacy_ingredient_strings_need_editor_parse|step_v2_fields_missing
c27f443b-fe9f-4ec9-8658-981c6e5f1aa9,완두콩 롤,후식,mapped,dessert,5,legacy_strings,0,5,6,0,false,needs_structural_normalization,missing_or_invalid_difficulty|missing_servings|missing_total_time|source_ledger_missing|beginner_review_missing|legacy_ingredient_strings_need_editor_parse|step_v2_fields_missing
413bfaf4-664d-43ca-81ef-bdae487629e3,단호박두부팬케이크,후식,mapped,dessert,6,legacy_strings,0,6,6,0,false,needs_structural_normalization,missing_or_invalid_difficulty|missing_servings|missing_total_time|source_ledger_missing|beginner_review_missing|legacy_ingredient_strings_need_editor_parse|step_v2_fields_missing
26db01fb-5fc3-4f23-99d6-bf9fcc1ae19f,약밥 닮은 호떡,후식,mapped,dessert,11,legacy_strings,0,11,6,0,false,needs_structural_normalization,missing_or_invalid_difficulty|missing_servings|missing_total_time|source_ledger_missing|beginner_review_missing|legacy_ingredient_strings_need_editor_parse|step_v2_fields_missing
11f09eb5-b14a-4ca7-b0e7-bec78fb721c1,두부티라미수,후식,mapped,dessert,10,legacy_strings,0,10,6,0,false,needs_structural_normalization,missing_or_invalid_difficulty|missing_servings|missing_total_time|source_ledger_missing|beginner_review_missing|legacy_ingredient_strings_need_editor_parse|step_v2_fields_missing
be3a2b60-374e-4618-b7c8-58f8cbe4976e,두부있슈,후식,mapped,dessert,9,legacy_strings,0,9,6,0,false,needs_structural_normalization,missing_or_invalid_difficulty|missing_servings|missing_total_time|source_ledger_missing|beginner_review_missing|legacy_ingredient_strings_need_editor_parse|step_v2_fields_missing
aab03811-6709-4794-978f-00753a473022,바나나 생강 크림이 들어간 미숫가루 쿠키슈,후식,mapped,dessert,11,legacy_strings,0,11,6,0,false,needs_structural_normalization,missing_or_invalid_difficulty|missing_servings|missing_total_time|source_ledger_missing|beginner_review_missing|legacy_ingredient_strings_need_editor_parse|step_v2_fields_missing
6ebbe40d-3289-4eb8-a9b7-473302802e6a,단호박몽블랑,후식,mapped,dessert,11,legacy_strings,0,11,6,0,false,needs_structural_normalization,missing_or_invalid_difficulty|missing_servings|missing_total_time|source_ledger_missing|beginner_review_missing|legacy_ingredient_strings_need_editor_parse|step_v2_fields_missing
7a3b30d4-e3b3-427b-b6f2-fb4ced7c6235,렌틸콩 크레이프,후식,mapped,dessert,13,legacy_strings,0,13,6,0,false,needs_structural_normalization,missing_or_invalid_difficulty|missing_servings|missing_total_time|source_ledger_missing|beginner_review_missing|legacy_ingredient_strings_need_editor_parse|step_v2_fields_missing
cabbc7fa-6495-4fbf-8ebd-5b86f2b307b6,고구마치즈크로켓,후식,mapped,dessert,12,legacy_strings,0,12,6,0,false,needs_structural_normalization,missing_or_invalid_difficulty|missing_servings|missing_total_time|source_ledger_missing|beginner_review_missing|legacy_ingredient_strings_need_editor_parse|step_v2_fields_missing
edca6b86-ba84-410c-940d-fad0c9410760,빵 대신 어묵 사라다,후식,mapped,dessert,14,legacy_strings,0,14,6,0,false,needs_structural_normalization,missing_or_invalid_difficulty|missing_servings|missing_total_time|source_ledger_missing|beginner_review_missing|legacy_ingredient_strings_need_editor_parse|step_v2_fields_missing
29896d3e-14cb-4957-92fd-abc2cdd1a34d,오미자 샹그리아,후식,mapped,dessert,6,legacy_strings,0,6,6,0,false,needs_structural_normalization,missing_or_invalid_difficulty|missing_servings|missing_total_time|source_ledger_missing|beginner_review_missing|legacy_ingredient_strings_need_editor_parse|step_v2_fields_missing
6299a1c2-3f6c-41be-983a-b823ea79d6dc,유자애(愛) 빠지다,후식,mapped,dessert,8,legacy_strings,0,8,6,0,false,needs_structural_normalization,missing_or_invalid_difficulty|missing_servings|missing_total_time|source_ledger_missing|beginner_review_missing|legacy_ingredient_strings_need_editor_parse|step_v2_fields_missing
3c2c654a-d341-4856-b7d4-d4ad93cfc4cb,쌀콩죽 요거트,후식,mapped,dessert,6,legacy_strings,0,6,6,0,false,needs_structural_normalization,missing_or_invalid_difficulty|missing_servings|missing_total_time|source_ledger_missing|beginner_review_missing|legacy_ingredient_strings_need_editor_parse|step_v2_fields_missing
28ad21d5-3383-48a8-9358-6e89a74e43d0,상큼하자두,후식,mapped,dessert,5,legacy_strings,0,5,6,0,false,needs_structural_normalization,missing_or_invalid_difficulty|missing_servings|missing_total_time|source_ledger_missing|beginner_review_missing|legacy_ingredient_strings_need_editor_parse|step_v2_fields_missing
45901282-6d96-4369-9696-66eb9f3dc6e3,비트두유,후식,mapped,dessert,3,legacy_strings,0,3,6,0,false,needs_structural_normalization,missing_or_invalid_difficulty|missing_servings|missing_total_time|source_ledger_missing|beginner_review_missing|legacy_ingredient_strings_need_editor_parse|step_v2_fields_missing
0bbd3965-e39d-450c-b989-03e480dc6103,렌틸콩 두유,후식,mapped,dessert,9,legacy_strings,0,9,6,0,false,needs_structural_normalization,missing_or_invalid_difficulty|missing_servings|missing_total_time|source_ledger_missing|beginner_review_missing|legacy_ingredient_strings_need_editor_parse|step_v2_fields_missing
15b7905d-74b8-4c29-a438-d17200abb287,바지락 미역국,국&찌개,unresolved,,10,legacy_strings,0,10,6,0,false,needs_structural_normalization,category_unresolved|missing_or_invalid_difficulty|missing_servings|missing_total_time|source_ledger_missing|beginner_review_missing|legacy_ingredient_strings_need_editor_parse|step_v2_fields_missing
95885183-4098-4e03-8691-11b6a831b53b,단호박견과류샐러드,기타,mapped,other,8,legacy_strings,0,8,6,0,false,needs_structural_normalization,missing_or_invalid_difficulty|missing_servings|missing_total_time|source_ledger_missing|beginner_review_missing|legacy_ingredient_strings_need_editor_parse|step_v2_fields_missing
3da1819d-6fb0-4ac7-8b66-b1e83a634936,함박스테이크&토마토카레소스,반찬,mapped,side,10,legacy_strings,0,10,6,0,false,needs_structural_normalization,missing_or_invalid_difficulty|missing_servings|missing_total_time|source_ledger_missing|beginner_review_missing|legacy_ingredient_strings_need_editor_parse|step_v2_fields_missing
006d7164-1d4a-4b6b-a7cb-cc3ec51a5c12,모둠채소 수제피클,반찬,mapped,side,7,legacy_strings,0,7,6,0,false,needs_structural_normalization,missing_or_invalid_difficulty|missing_servings|missing_total_time|source_ledger_missing|beginner_review_missing|legacy_ingredient_strings_need_editor_parse|step_v2_fields_missing
95d03681-cc4d-4fe8-98fb-8d076f2d72eb,바지락 맑은국,국&찌개,unresolved,,8,legacy_strings,0,8,6,0,false,needs_structural_normalization,category_unresolved|missing_or_invalid_difficulty|missing_servings|missing_total_time|source_ledger_missing|beginner_review_missing|legacy_ingredient_strings_need_editor_parse|step_v2_fields_missing
14c41103-9f6f-4054-a8cf-133cd9a1c78e,일본식 계란말이,반찬,mapped,side,5,legacy_strings,0,5,6,0,false,needs_structural_normalization,missing_or_invalid_difficulty|missing_servings|missing_total_time|source_ledger_missing|beginner_review_missing|legacy_ingredient_strings_need_editor_parse|step_v2_fields_missing
77ad1c56-b12c-4a68-9cae-5fe362cb819a,"소고기 가라아게, 칠리소스",반찬,mapped,side,10,legacy_strings,0,10,6,0,false,needs_structural_normalization,missing_or_invalid_difficulty|missing_servings|missing_total_time|source_ledger_missing|beginner_review_missing|legacy_ingredient_strings_need_editor_parse|step_v2_fields_missing
945a4249-5568-466c-ab48-d83724ce9fee,바나나미숫가루쉐이크,후식,mapped,dessert,3,legacy_strings,0,3,6,0,false,needs_structural_normalization,missing_or_invalid_difficulty|missing_servings|missing_total_time|source_ledger_missing|beginner_review_missing|legacy_ingredient_strings_need_editor_parse|step_v2_fields_missing
19b92687-3d76-4a13-bd98-d3ac5957d03f,미역 미소국,국&찌개,unresolved,,5,legacy_strings,0,5,6,0,false,needs_structural_normalization,category_unresolved|missing_or_invalid_difficulty|missing_servings|missing_total_time|source_ledger_missing|beginner_review_missing|legacy_ingredient_strings_need_editor_parse|step_v2_fields_missing
1a6a3396-7c3e-4ddf-94a4-bdd3e7da54d2,"삼치튀김, 타르타르소스",반찬,mapped,side,11,legacy_strings,0,11,6,0,false,needs_structural_normalization,missing_or_invalid_difficulty|missing_servings|missing_total_time|source_ledger_missing|beginner_review_missing|legacy_ingredient_strings_need_editor_parse|step_v2_fields_missing
709d4582-79d7-42d4-abf3-8d2392e76796,두부해물완자,반찬,mapped,side,12,legacy_strings,0,12,6,0,false,needs_structural_normalization,missing_or_invalid_difficulty|missing_servings|missing_total_time|source_ledger_missing|beginner_review_missing|legacy_ingredient_strings_need_editor_parse|step_v2_fields_missing
c19ec984-5734-4a6a-90d6-78ba57f5e707,톳나물 두부무침,반찬,mapped,side,6,legacy_strings,0,6,6,0,false,needs_structural_normalization,missing_or_invalid_difficulty|missing_servings|missing_total_time|source_ledger_missing|beginner_review_missing|legacy_ingredient_strings_need_editor_parse|step_v2_fields_missing
9e3b364a-9f1b-40e1-a14c-3ef12bea7651,퀴노아 팥수프,기타,mapped,other,10,legacy_strings,0,10,6,0,false,needs_structural_normalization,missing_or_invalid_difficulty|missing_servings|missing_total_time|source_ledger_missing|beginner_review_missing|legacy_ingredient_strings_need_editor_parse|step_v2_fields_missing
c1d8b807-ac60-4b12-bd63-73cee6d6c860,참치 두부 함박스테이크,반찬,mapped,side,10,legacy_strings,0,10,6,0,false,needs_structural_normalization,missing_or_invalid_difficulty|missing_servings|missing_total_time|source_ledger_missing|beginner_review_missing|legacy_ingredient_strings_need_editor_parse|step_v2_fields_missing
9e8f1e07-6b74-43b0-95e0-a0edc4418ff5,김치양배추볶음,반찬,mapped,side,9,legacy_strings,0,9,6,0,false,needs_structural_normalization,missing_or_invalid_difficulty|missing_servings|missing_total_time|source_ledger_missing|beginner_review_missing|legacy_ingredient_strings_need_editor_parse|step_v2_fields_missing
303fe5f2-2e62-4bcb-831e-a52dc6bea550,"돈수육, 해물냉채",일품,mapped,other,19,legacy_strings,0,19,6,0,false,needs_structural_normalization,missing_or_invalid_difficulty|missing_servings|missing_total_time|source_ledger_missing|beginner_review_missing|legacy_ingredient_strings_need_editor_parse|step_v2_fields_missing
75098b58-c487-481a-9b8d-7181e2d2f0ba,"알록달록화전, 멸치두부전",반찬,mapped,side,9,legacy_strings,0,9,6,0,false,needs_structural_normalization,missing_or_invalid_difficulty|missing_servings|missing_total_time|source_ledger_missing|beginner_review_missing|legacy_ingredient_strings_need_editor_parse|step_v2_fields_missing
d697aa02-1d59-4232-ae56-26c849ed3f7d,단호박떡볶이,반찬,mapped,side,6,legacy_strings,0,6,6,0,false,needs_structural_normalization,missing_or_invalid_difficulty|missing_servings|missing_total_time|source_ledger_missing|beginner_review_missing|legacy_ingredient_strings_need_editor_parse|step_v2_fields_missing
78918d51-5fa7-4880-84f2-3c7f1b1c86ff,배·라임 모히또,후식,mapped,dessert,5,legacy_strings,0,5,6,0,false,needs_structural_normalization,missing_or_invalid_difficulty|missing_servings|missing_total_time|source_ledger_missing|beginner_review_missing|legacy_ingredient_strings_need_editor_parse|step_v2_fields_missing
deff7eaf-7f34-45d7-8050-28262352f84b,포도청 보리 수단,후식,mapped,dessert,6,legacy_strings,0,6,6,0,false,needs_structural_normalization,missing_or_invalid_difficulty|missing_servings|missing_total_time|source_ledger_missing|beginner_review_missing|legacy_ingredient_strings_need_editor_parse|step_v2_fields_missing
df10f25a-0627-4ef3-ad2e-03a9066d1b5e,감자주스,후식,mapped,dessert,3,legacy_strings,0,3,6,0,false,needs_structural_normalization,missing_or_invalid_difficulty|missing_servings|missing_total_time|source_ledger_missing|beginner_review_missing|legacy_ingredient_strings_need_editor_parse|step_v2_fields_missing
897f0dde-4eed-4270-a6b9-7c589023fe8b,만가닥버섯볶음,반찬,mapped,side,8,legacy_strings,0,8,6,0,false,needs_structural_normalization,missing_or_invalid_difficulty|missing_servings|missing_total_time|source_ledger_missing|beginner_review_missing|legacy_ingredient_strings_need_editor_parse|step_v2_fields_missing
80ff96d2-6a82-4ab2-8645-d6bb37a96322,양파홍초절임,반찬,mapped,side,6,legacy_strings,0,6,6,0,false,needs_structural_normalization,missing_or_invalid_difficulty|missing_servings|missing_total_time|source_ledger_missing|beginner_review_missing|legacy_ingredient_strings_need_editor_parse|step_v2_fields_missing
43f11058-0606-4b28-bdbe-5862931ea246,고구마순나물,반찬,mapped,side,9,legacy_strings,0,9,6,0,false,needs_structural_normalization,missing_or_invalid_difficulty|missing_servings|missing_total_time|source_ledger_missing|beginner_review_missing|legacy_ingredient_strings_need_editor_parse|step_v2_fields_missing
561563a0-a326-42a4-8a71-0ee3e819ff1a,저염 겉절이,반찬,mapped,side,11,legacy_strings,0,11,5,0,false,needs_structural_normalization,missing_or_invalid_difficulty|missing_servings|missing_total_time|source_ledger_missing|beginner_review_missing|legacy_ingredient_strings_need_editor_parse|step_v2_fields_missing
498a7698-c69c-4448-ac2e-3495eb0a539a,아욱 된장무침,반찬,mapped,side,7,legacy_strings,0,7,6,0,false,needs_structural_normalization,missing_or_invalid_difficulty|missing_servings|missing_total_time|source_ledger_missing|beginner_review_missing|legacy_ingredient_strings_need_editor_parse|step_v2_fields_missing
2473760b-d565-4c0b-87fa-59ebda054929,바나나 쑥두부푸딩,후식,mapped,dessert,7,legacy_strings,0,7,5,0,false,needs_structural_normalization,missing_or_invalid_difficulty|missing_servings|missing_total_time|source_ledger_missing|beginner_review_missing|legacy_ingredient_strings_need_editor_parse|step_v2_fields_missing
0613c5e4-816c-4f9b-84eb-852a83949908,시금치토마토무침,반찬,mapped,side,6,legacy_strings,0,6,6,0,false,needs_structural_normalization,missing_or_invalid_difficulty|missing_servings|missing_total_time|source_ledger_missing|beginner_review_missing|legacy_ingredient_strings_need_editor_parse|step_v2_fields_missing
9d91e6e9-6fba-4824-95ce-d915a2e19ddb,검은콩부추전,반찬,mapped,side,12,legacy_strings,0,12,6,0,false,needs_structural_normalization,missing_or_invalid_difficulty|missing_servings|missing_total_time|source_ledger_missing|beginner_review_missing|legacy_ingredient_strings_need_editor_parse|step_v2_fields_missing
0a7d548c-1739-498e-9dba-6c52f407338a,고사리파전&단감전,반찬,mapped,side,10,legacy_strings,0,10,6,0,false,needs_structural_normalization,missing_or_invalid_difficulty|missing_servings|missing_total_time|source_ledger_missing|beginner_review_missing|legacy_ingredient_strings_need_editor_parse|step_v2_fields_missing
d8cedaec-b109-4baa-aaaf-e8ac4886d07c,바지락매생이전,반찬,mapped,side,6,legacy_strings,0,6,6,0,false,needs_structural_normalization,missing_or_invalid_difficulty|missing_servings|missing_total_time|source_ledger_missing|beginner_review_missing|legacy_ingredient_strings_need_editor_parse|step_v2_fields_missing
09bc81d0-7070-4757-b60d-1cf0edc677a0,알콩달콩전,반찬,mapped,side,10,legacy_strings,0,10,6,0,false,needs_structural_normalization,missing_or_invalid_difficulty|missing_servings|missing_total_time|source_ledger_missing|beginner_review_missing|legacy_ingredient_strings_need_editor_parse|step_v2_fields_missing
32350ebf-7757-47fe-bb11-91baf5acfe3f,계란만두&토마토소스,반찬,mapped,side,12,legacy_strings,0,12,6,0,false,needs_structural_normalization,missing_or_invalid_difficulty|missing_servings|missing_total_time|source_ledger_missing|beginner_review_missing|legacy_ingredient_strings_need_editor_parse|step_v2_fields_missing
c7036bf1-7bd6-4761-a84f-9659d9ee3542,통도라지양념구이,반찬,mapped,side,9,legacy_strings,0,9,6,0,false,needs_structural_normalization,missing_or_invalid_difficulty|missing_servings|missing_total_time|source_ledger_missing|beginner_review_missing|legacy_ingredient_strings_need_editor_parse|step_v2_fields_missing
e15507f4-b3e4-4a1d-b5e5-d9d4a4320e08,삼색계란찜,반찬,mapped,side,7,legacy_strings,0,7,6,0,false,needs_structural_normalization,missing_or_invalid_difficulty|missing_servings|missing_total_time|source_ledger_missing|beginner_review_missing|legacy_ingredient_strings_need_editor_parse|step_v2_fields_missing
1b3a6d8a-3024-4cfa-91d5-fc9ba85d3b2b,고구마순들깨나물,반찬,mapped,side,5,legacy_strings,0,5,6,0,false,needs_structural_normalization,missing_or_invalid_difficulty|missing_servings|missing_total_time|source_ledger_missing|beginner_review_missing|legacy_ingredient_strings_need_editor_parse|step_v2_fields_missing
d23e0fca-d01a-42ea-b436-fa6fa9caf621,배쨈 식빵,기타,mapped,other,8,legacy_strings,0,8,6,0,false,needs_structural_normalization,missing_or_invalid_difficulty|missing_servings|missing_total_time|source_ledger_missing|beginner_review_missing|legacy_ingredient_strings_need_editor_parse|step_v2_fields_missing
1a57f9bc-4cd2-4be9-9ae7-aca7dd91d873,사과 견과류 식빵,기타,mapped,other,8,legacy_strings,0,8,6,0,false,needs_structural_normalization,missing_or_invalid_difficulty|missing_servings|missing_total_time|source_ledger_missing|beginner_review_missing|legacy_ingredient_strings_need_editor_parse|step_v2_fields_missing
f06ca4a2-c933-44b9-8a3b-4288a4db2342,카카오 깜빠뉴,기타,mapped,other,12,legacy_strings,0,12,6,0,false,needs_structural_normalization,missing_or_invalid_difficulty|missing_servings|missing_total_time|source_ledger_missing|beginner_review_missing|legacy_ingredient_strings_need_editor_parse|step_v2_fields_missing
49068c38-2193-47c0-8f2a-54d699945093,곶감 베이글,기타,mapped,other,9,legacy_strings,0,9,6,0,false,needs_structural_normalization,missing_or_invalid_difficulty|missing_servings|missing_total_time|source_ledger_missing|beginner_review_missing|legacy_ingredient_strings_need_editor_parse|step_v2_fields_missing
b7e4c67f-bba1-4bba-9d48-463148139ab3,어묵 잡채,일품,mapped,other,10,legacy_strings,0,10,6,0,false,needs_structural_normalization,missing_or_invalid_difficulty|missing_servings|missing_total_time|source_ledger_missing|beginner_review_missing|legacy_ingredient_strings_need_editor_parse|step_v2_fields_missing
3dc053ac-2d4e-41d0-927b-cf085a500376,토마토 비빔국수,일품,mapped,other,8,legacy_strings,0,8,5,0,false,needs_structural_normalization,missing_or_invalid_difficulty|missing_servings|missing_total_time|source_ledger_missing|beginner_review_missing|legacy_ingredient_strings_need_editor_parse|step_v2_fields_missing
0bb7b9a5-3432-4e08-b3d5-dc35fc45eb8d,멸치 전복 저염국수,일품,mapped,other,20,legacy_strings,0,20,6,0,false,needs_structural_normalization,missing_or_invalid_difficulty|missing_servings|missing_total_time|source_ledger_missing|beginner_review_missing|legacy_ingredient_strings_need_editor_parse|step_v2_fields_missing
46740819-b782-4110-b13f-c521c9aaea63,유부초절임,반찬,mapped,side,8,legacy_strings,0,8,6,0,false,needs_structural_normalization,missing_or_invalid_difficulty|missing_servings|missing_total_time|source_ledger_missing|beginner_review_missing|legacy_ingredient_strings_need_editor_parse|step_v2_fields_missing
199d281b-fabb-4cbf-81f8-04174afebe4c,토마토 미소 된장국,국&찌개,unresolved,,9,legacy_strings,0,9,6,0,false,needs_structural_normalization,category_unresolved|missing_or_invalid_difficulty|missing_servings|missing_total_time|source_ledger_missing|beginner_review_missing|legacy_ingredient_strings_need_editor_parse|step_v2_fields_missing
83a44eac-508b-4ff4-8b22-2b70dbdcf7db,포두부채소잡채,반찬,mapped,side,12,legacy_strings,0,12,6,0,false,needs_structural_normalization,missing_or_invalid_difficulty|missing_servings|missing_total_time|source_ledger_missing|beginner_review_missing|legacy_ingredient_strings_need_editor_parse|step_v2_fields_missing
24b96891-8488-400d-95a4-122d96fef2c3,속이 든든든한 밥 빵,기타,mapped,other,8,legacy_strings,0,8,6,0,false,needs_structural_normalization,missing_or_invalid_difficulty|missing_servings|missing_total_time|source_ledger_missing|beginner_review_missing|legacy_ingredient_strings_need_editor_parse|step_v2_fields_missing
b0f27514-57f6-4267-a5ea-04c73da65cb3,참외지 리코타버무리,후식,mapped,dessert,8,legacy_strings,0,8,6,0,false,needs_structural_normalization,missing_or_invalid_difficulty|missing_servings|missing_total_time|source_ledger_missing|beginner_review_missing|legacy_ingredient_strings_need_editor_parse|step_v2_fields_missing
127257c4-97b4-43ca-b7cb-0e523c8e0d26,과일 피클 젤리,후식,mapped,dessert,10,legacy_strings,0,10,6,0,false,needs_structural_normalization,missing_or_invalid_difficulty|missing_servings|missing_total_time|source_ledger_missing|beginner_review_missing|legacy_ingredient_strings_need_editor_parse|step_v2_fields_missing
9cba88f8-a6ea-47b4-9a7b-12b5f0dfa2a3,채소말이와 고구마가지구이,일품,mapped,other,19,legacy_strings,0,19,6,0,false,needs_structural_normalization,missing_or_invalid_difficulty|missing_servings|missing_total_time|source_ledger_missing|beginner_review_missing|legacy_ingredient_strings_need_editor_parse|step_v2_fields_missing
32418aa3-0738-49ad-b6e6-eb9af393cb35,들깨 곤약 냉채,일품,mapped,other,13,legacy_strings,0,13,6,0,false,needs_structural_normalization,missing_or_invalid_difficulty|missing_servings|missing_total_time|source_ledger_missing|beginner_review_missing|legacy_ingredient_strings_need_editor_parse|step_v2_fields_missing
33ebfbd3-eb20-4d17-bcf5-375e8913be91,병아리콩 컵케이크,후식,mapped,dessert,12,legacy_strings,0,12,6,0,false,needs_structural_normalization,missing_or_invalid_difficulty|missing_servings|missing_total_time|source_ledger_missing|beginner_review_missing|legacy_ingredient_strings_need_editor_parse|step_v2_fields_missing
7c330be5-b530-4b75-a473-f2556efb4cdd,요거트 단호박 샐러드,일품,mapped,other,11,legacy_strings,0,11,6,0,false,needs_structural_normalization,missing_or_invalid_difficulty|missing_servings|missing_total_time|source_ledger_missing|beginner_review_missing|legacy_ingredient_strings_need_editor_parse|step_v2_fields_missing
319421fc-5e12-458a-8ae4-39c209e8ae54,타이거새우 현미볶음밥,밥,mapped,rice,11,legacy_strings,0,11,6,0,false,needs_structural_normalization,missing_or_invalid_difficulty|missing_servings|missing_total_time|source_ledger_missing|beginner_review_missing|legacy_ingredient_strings_need_editor_parse|step_v2_fields_missing
a094c5df-0d7a-4eb7-aec0-670424e6da49,카레크림 두부면 파스타,기타,mapped,other,12,legacy_strings,0,12,6,0,false,needs_structural_normalization,missing_or_invalid_difficulty|missing_servings|missing_total_time|source_ledger_missing|beginner_review_missing|legacy_ingredient_strings_need_editor_parse|step_v2_fields_missing
d7e1c503-1458-4d30-96be-b809f780f2e0,홍합 배춧국,국&찌개,unresolved,,7,legacy_strings,0,7,6,0,false,needs_structural_normalization,category_unresolved|missing_or_invalid_difficulty|missing_servings|missing_total_time|source_ledger_missing|beginner_review_missing|legacy_ingredient_strings_need_editor_parse|step_v2_fields_missing
5fe57b96-1fff-45fc-a8a7-0442677ab90e,얼큰 콩나물 수제비,일품,mapped,other,6,legacy_strings,0,6,6,0,false,needs_structural_normalization,missing_or_invalid_difficulty|missing_servings|missing_total_time|source_ledger_missing|beginner_review_missing|legacy_ingredient_strings_need_editor_parse|step_v2_fields_missing
f6268c11-9dd6-4115-8baa-0571bcecbdef,초코타르트,후식,mapped,dessert,12,legacy_strings,0,12,6,0,false,needs_structural_normalization,missing_or_invalid_difficulty|missing_servings|missing_total_time|source_ledger_missing|beginner_review_missing|legacy_ingredient_strings_need_editor_parse|step_v2_fields_missing
eb7464f5-f8db-4e85-b3b4-e830a9fa1843,"단호박 생선탕수, 키위소스",반찬,mapped,side,11,legacy_strings,0,11,6,0,false,needs_structural_normalization,missing_or_invalid_difficulty|missing_servings|missing_total_time|source_ledger_missing|beginner_review_missing|legacy_ingredient_strings_need_editor_parse|step_v2_fields_missing
e7c9cbbd-a804-4a5e-8be9-d3080e792f10,낙지모듬초말이,반찬,mapped,side,14,legacy_strings,0,14,6,0,false,needs_structural_normalization,missing_or_invalid_difficulty|missing_servings|missing_total_time|source_ledger_missing|beginner_review_missing|legacy_ingredient_strings_need_editor_parse|step_v2_fields_missing
c5faeeb5-e47e-44a7-b1e5-600e490702e2,삼각김밥 빵,기타,mapped,other,23,legacy_strings,0,23,6,0,false,needs_structural_normalization,missing_or_invalid_difficulty|missing_servings|missing_total_time|source_ledger_missing|beginner_review_missing|legacy_ingredient_strings_need_editor_parse|step_v2_fields_missing
3734cf21-3ad2-4d09-bdea-1ad9437149eb,양파토마토스튜,국&찌개,unresolved,,7,legacy_strings,0,7,6,0,false,needs_structural_normalization,category_unresolved|missing_or_invalid_difficulty|missing_servings|missing_total_time|source_ledger_missing|beginner_review_missing|legacy_ingredient_strings_need_editor_parse|step_v2_fields_missing
0aed2e5f-49d9-432e-8e36-bfc9aeea8ad5,황금팽이 비빔국수,기타,mapped,other,15,legacy_strings,0,15,5,0,false,needs_structural_normalization,missing_or_invalid_difficulty|missing_servings|missing_total_time|source_ledger_missing|beginner_review_missing|legacy_ingredient_strings_need_editor_parse|step_v2_fields_missing
79cf4458-29e0-4c1f-b0b1-ede4219d00c5,맛살 미역줄기전,반찬,mapped,side,8,legacy_strings,0,8,6,0,false,needs_structural_normalization,missing_or_invalid_difficulty|missing_servings|missing_total_time|source_ledger_missing|beginner_review_missing|legacy_ingredient_strings_need_editor_parse|step_v2_fields_missing
59ea1fff-701b-47a2-968e-f0a85a4d1322,해산물샐러드와 미나리소스,반찬,mapped,side,13,legacy_strings,0,13,6,0,false,needs_structural_normalization,missing_or_invalid_difficulty|missing_servings|missing_total_time|source_ledger_missing|beginner_review_missing|legacy_ingredient_strings_need_editor_parse|step_v2_fields_missing
8bacc9d1-9041-40bc-88f5-1eed6a60d163,매운요거트 토마토샐러드,반찬,mapped,side,10,legacy_strings,0,10,6,0,false,needs_structural_normalization,missing_or_invalid_difficulty|missing_servings|missing_total_time|source_ledger_missing|beginner_review_missing|legacy_ingredient_strings_need_editor_parse|step_v2_fields_missing
7b80bb98-facc-4cd0-973d-60687b019123,계란말이 기본형,반찬,mapped,side,6,legacy_strings,0,6,6,0,false,needs_structural_normalization,source_ledger_missing|beginner_review_missing|legacy_ingredient_strings_need_editor_parse|step_v2_fields_missing
18530805-3073-4d04-bb0f-fca1535e0e50,돼지고기 김치찌개 기본형,국&찌개,unresolved,,8,legacy_strings,0,8,5,0,false,needs_structural_normalization,category_unresolved|source_ledger_missing|beginner_review_missing|legacy_ingredient_strings_need_editor_parse|step_v2_fields_missing
33b58833-2739-414e-83df-77f7464683f8,된장찌개 기본형,국&찌개,unresolved,,8,legacy_strings,0,8,5,0,false,needs_structural_normalization,category_unresolved|source_ledger_missing|beginner_review_missing|legacy_ingredient_strings_need_editor_parse|step_v2_fields_missing
767e01a0-2027-4d88-80e0-1f955a22ee66,감자조림 기본형,반찬,mapped,side,8,legacy_strings,0,8,5,0,false,needs_structural_normalization,source_ledger_missing|beginner_review_missing|legacy_ingredient_strings_need_editor_parse|step_v2_fields_missing
5dddeb10-fbf3-4d90-a8e7-958f0ecef217,두부조림 기본형,반찬,mapped,side,8,legacy_strings,0,8,5,0,false,needs_structural_normalization,source_ledger_missing|beginner_review_missing|legacy_ingredient_strings_need_editor_parse|step_v2_fields_missing
a36e34ec-5f17-4e4a-8e07-246b8082447e,참치김치볶음밥,밥,mapped,rice,8,legacy_strings,0,8,5,0,false,needs_structural_normalization,source_ledger_missing|beginner_review_missing|legacy_ingredient_strings_need_editor_parse|step_v2_fields_missing
